([O;-;D1;H0:1]-[C:6](=[O;D1;H0:7])-[CH;D3;+0:4](-[OH;D1;+0:5])-[CH;D2;+0:2]=[O;D1;H0:3]).([O;D1;H0:10]=[C;H0;D2;+0:9]=[O;H0;D1;+0:8])>>([O-;H0;D1:8]-[C;H0;D3;+0:9](=[O;D1;H0:10])-[CH;D2;+0:2]=[O;D1;H0:3]).([O;-;D1;H0:1]-[C:6](=[O;D1;H0:7])-[CH;D2;+0:4]=[O;H0;D1;+0:5]).([#1;H0;D0;+1])	1	10138
([O;-;D1;H0:1]-[C:4](=[O;D1;H0:5])-[CH;D2;+0:2]=[O;H0;D1;+0:3]).([O-;H0;D1:6]-[C;H0;D3;+0:9](=[O;D1;H0:10])-[CH;D2;+0:7]=[O;D1;H0:8])>>([O;-;D1;H0:1]-[C:4](=[O;D1;H0:5])-[CH;D3;+0:2](-[OH;D1;+0:3])-[CH;D2;+0:7]=[O;D1;H0:8]).([O;D1;H0:10]=[C;H0;D2;+0:9]=[O;H0;D1;+0:6])	1	10137
([#8:5]-[C;H0;D3;+0:4](=[CH2;D1;+0:10])-[C:2](-[O;-;D1;H0:3])=[O;D1;H0:1]).([OH2;D0;+0:11])>>([#8:5]-[C@H;D3;+0:4](-[CH2;D2;+0:10]-[OH;D1;+0:11])-[C:2](-[O;-;D1;H0:3])=[O;D1;H0:1])	1	10166
([#8:5]-[C@H;D3;+0:4](-[CH2;D2;+0:10]-[OH;D1;+0:11])-[C:2](-[O;-;D1;H0:3])=[O;D1;H0:1])>>([#8:5]-[C;H0;D3;+0:4](=[CH2;D1;+0:10])-[C:2](-[O;-;D1;H0:3])=[O;D1;H0:1]).([OH2;D0;+0:11])	1	10165
([C:6]/[C:5]=[C:4]/[C;H0;D3;+0:2](-[O-;H0;D1:3])=[O;D1;H0:1]).([CH3;D1;+0:15]-[C:13]=[O;D1;H0:14])>>([C:6]/[C:5]=[C:4]/[C;H0;D3;+0:2](=[O;D1;H0:1])-[CH2;D2;+0:15]-[C:13]=[O;D1;H0:14]).([OH2;D0;+0:3])	1	10246
([C:2]/[C:4]=[C:5]/[C;H0;D3;+0:6](=[O;D1;H0:7])-[CH2;D2;+0:8]-[C:9]=[O;D1;H0:10]).([OH2;D0;+0:15])>>([C:2]/[C:4]=[C:5]/[C;H0;D3;+0:6](-[O-;H0;D1:15])=[O;D1;H0:7]).([CH3;D1;+0:8]-[C:9]=[O;D1;H0:10]).([#1;H0;D0;+1])	1	10245
([C:3]-[C;H0;D3;+0:2](=[O;D1;H0:1])-[C@H;D3;+0:5](-[C:7])-[OH;D1;+0:6]).([C:17]-[CH;D2;+0:16]=[O;H0;D1;+0:15])>>([C:17]-[C@H;D3;+0:16](-[OH;D1;+0:15])-[C;H0;D3;+0:2](-[C:3])=[O;D1;H0:1]).([C:7]-[CH;D2;+0:5]=[O;H0;D1;+0:6])	1	10510
([C:3]-[C;H0;D3;+0:2](=[O;D1;H0:1])-[C@H;D3;+0:5](-[C:7])-[OH;D1;+0:6]).([C:22]-[CH;D2;+0:20]=[O;H0;D1;+0:21])>>([C:22]-[C@H;D3;+0:20](-[OH;D1;+0:21])-[C;H0;D3;+0:2](-[C:3])=[O;D1;H0:1]).([C:7]-[CH;D2;+0:5]=[O;H0;D1;+0:6])	1	10509
([O-;H0;D1:3]-[C;H0;D3;+0:2](=[O;D1;H0:1])-[OH;D1;+0:4])>>([O;D1;H0:1]=[C;H0;D2;+0:2]=[O;H0;D1;+0:4]).([OH2;D0;+0:3])	1	10749
([O;D1;H0:1]=[C;H0;D2;+0:2]=[O;H0;D1;+0:3]).([OH2;D0;+0:4])>>([O-;H0;D1:4]-[C;H0;D3;+0:2](=[O;D1;H0:1])-[OH;D1;+0:3]).([#1;H0;D0;+1])	1	10750
([#15:2]-[O-;H0;D1:3]).([CH2;D1;+0:33]=[C;H0;D3;+0:27](-[O;H0;D2;+0:28]-[P;H0;D4;+0:29](-[O;-;D1;H0:31])(-[O;-;D1;H0:32])=[O;D1;H0:30])-[C:25](-[O;-;D1;H0:26])=[O;D1;H0:24]).([#8:38]-[P;H0;D4;+0:39](-[O;-;D1;H0:41])(=[O;D1;H0:40])-[OH;D1;+0:42])>>([#15:2]-[O;H0;D2;+0:3]-[P;H0;D4;+0:39](-[#8:38])(-[O;-;D1;H0:41])=[O;D1;H0:40]).([CH3;D1;+0:33]-[C;H0;D3;+0:27](=[O;H0;D1;+0:28])-[C:25](-[O;-;D1;H0:26])=[O;D1;H0:24]).([O;-;D1;H0:31]-[P;H0;D4;+0:29](-[O;-;D1;H0:32])(=[O;D1;H0:30])-[OH;D1;+0:42])	1	10758
([#15:10]-[O;H0;D2;+0:9]-[P;H0;D4;+0:6](-[#8:5])(-[O;-;D1;H0:8])=[O;D1;H0:7]).([CH3;D1;+0:37]-[C;H0;D3;+0:35](=[O;H0;D1;+0:36])-[C:33](-[O;-;D1;H0:34])=[O;D1;H0:32]).([O;-;D1;H0:40]-[P;H0;D4;+0:39](-[O;-;D1;H0:41])(=[O;D1;H0:38])-[OH;D1;+0:42])>>([#15:10]-[O-;H0;D1:9]).([CH2;D1;+0:37]=[C;H0;D3;+0:35](-[O;H0;D2;+0:36]-[P;H0;D4;+0:39](-[O;-;D1;H0:40])(-[O;-;D1;H0:41])=[O;D1;H0:38])-[C:33](-[O;-;D1;H0:34])=[O;D1;H0:32]).([#8:5]-[P;H0;D4;+0:6](-[O;-;D1;H0:8])(=[O;D1;H0:7])-[OH;D1;+0:42]).([#1;H0;D0;+1])	1	10757
([#8:5]-[P;H0;D4;+0:2](-[O-;H0;D1:3])(-[O;-;D1;H0:4])=[O;D1;H0:1]).([#7:32]-[C;H0;D3;+0:30](=[NH2+;D1:31])-[NH;D2;+0:29]-[CH;D3;+0:28](-[C:27]-[C:25](-[O;-;D1;H0:26])=[O;D1;H0:24])-[C:41](-[O;-;D1;H0:43])=[O;D1;H0:42]).([#15:49]-[OH;D1;+0:52])>>([#15:49]-[O;H0;D2;+0:52]-[P;H0;D4;+0:2](-[#8:5])(-[O;-;D1;H0:4])=[O;D1;H0:1]).([#7:32]-[C;H0;D3;+0:30](-[NH2;D1;+0:31])=[O;H0;D1;+0:3]).([NH3+;D1:29]-[C@@H;D3;+0:28](-[C:27]-[C:25](-[O;-;D1;H0:26])=[O;D1;H0:24])-[C:41](-[O;-;D1;H0:43])=[O;D1;H0:42])	1	10934
([#15:6]-[O;H0;D2;+0:9]-[P;H0;D4;+0:10](-[#8:13])(-[O;-;D1;H0:12])=[O;D1;H0:11]).([#7:35]-[C;H0;D3;+0:33](-[NH2;D1;+0:34])=[O;H0;D1;+0:32]).([NH3+;D1:52]-[C@@H;D3;+0:48](-[C:47]-[C:45](-[O;-;D1;H0:46])=[O;D1;H0:44])-[C:49](-[O;-;D1;H0:51])=[O;D1;H0:50])>>([#8:13]-[P;H0;D4;+0:10](-[O-;H0;D1:32])(-[O;-;D1;H0:12])=[O;D1;H0:11]).([#7:35]-[C;H0;D3;+0:33](=[NH2+;D1:34])-[NH;D2;+0:52]-[CH;D3;+0:48](-[C:47]-[C:45](-[O;-;D1;H0:46])=[O;D1;H0:44])-[C:49](-[O;-;D1;H0:51])=[O;D1;H0:50]).([#15:6]-[OH;D1;+0:9]).([#1;H0;D0;+1])	1	10933
([#7;a:23]:[c:21]:[c:20](-[NH;D2;+0:19]-[C:18]):[c:26]:[#7;a:25]).([C:39]-[S;H0;D2;+0:40]-[CH3;D1;+0:41])>>([#7;a:23]:[c:21]:[c:20](:[c:26]:[#7;a:25])-[N;H0;D3;+0:19](-[C:18])-[CH3;D1;+0:41]).([C:39]-[SH;D1;+0:40])	1	11174
([#7;a:23]:[c:21]:[c:20](:[c:26]:[#7;a:25])-[N;H0;D3;+0:19](-[C:18])-[CH3;D1;+0:30]).([C:40]-[SH;D1;+0:41])>>([#7;a:23]:[c:21]:[c:20](-[NH;D2;+0:19]-[C:18]):[c:26]:[#7;a:25]).([C:40]-[S;H0;D2;+0:41]-[CH3;D1;+0:30])	1	11173
([C:6]-[C@H;D3;+0:7]1-[#8:8]-[C@H;D3;+0:9](-[n;H0;D3;+0:10]2:[c:11]:[#7;a:12]:[c:13]:[c:18]:2)-[C@H;D3;+0:21](-[O;D1;H1:22])-[C:23]-1).([c:29]:[n;H0;D2;+0:30]:[c:31])>>([C:6]-[C@H;D3;+0:7]1-[#8:8]-[C@@H;D3;+0:9](-[n+;H0;D3:30](:[c:29]):[c:31])-[C@H;D3;+0:21](-[O;D1;H1:22])-[C:23]-1).([#7;a:12]1:[c:11]:[nH;D2;+0:10]:[c:18]:[c:13]:1)	1	11198
([#8:5]-[P;H0;D4;+0:2](-[O-;H0;D1:3])(-[O;-;D1;H0:4])=[O;D1;H0:1]).([#15:29]-[OH;D1;+0:32]).([C:38]-[C;H0;D3;+0:39](-[NH2;D1;+0:41])=[O;D1;H0:40])>>([#15:29]-[O;H0;D2;+0:32]-[P;H0;D4;+0:2](-[#8:5])(-[O;-;D1;H0:4])=[O;D1;H0:1]).([C:38]-[C;H0;D3;+0:39](-[O-;H0;D1:3])=[O;D1;H0:40]).([NH4+;D0:41])	1	11374
([#15:6]-[O;H0;D2;+0:9]-[P;H0;D4;+0:10](-[#8:13])(-[O;-;D1;H0:12])=[O;D1;H0:11]).([N;+;D1;H3:40]-[C@@H;D3;+0:36](-[C:35]-[C;H0;D3;+0:33](-[O-;H0;D1:34])=[O;D1;H0:32])-[C:37](-[O;-;D1;H0:39])=[O;D1;H0:38]).([NH4+;D0:41])>>([#8:13]-[P;H0;D4;+0:10](-[O-;H0;D1:34])(-[O;-;D1;H0:12])=[O;D1;H0:11]).([#15:6]-[OH;D1;+0:9]).([N;+;D1;H3:40]-[C@@H;D3;+0:36](-[C:35]-[C;H0;D3;+0:33](-[NH2;D1;+0:41])=[O;D1;H0:32])-[C:37](-[O;-;D1;H0:39])=[O;D1;H0:38]).([#1;H0;D0;+1])	1	11373
([#8:10]-[C:11]-[NH2;D1;+0:12]).([N;+;D1;H3:24]-[C@@H;D3;+0:20](-[C:19]-[C;H0;D3;+0:17](-[O-;H0;D1:18])=[O;D1;H0:16])-[C:21](-[O;-;D1;H0:23])=[O;D1;H0:22])>>([#8:10]-[C:11]-[NH;D2;+0:12]-[C;H0;D3;+0:17](=[O;D1;H0:16])-[C:19]-[C@H;D3;+0:20](-[N;+;D1;H3:24])-[C:21](-[O;-;D1;H0:23])=[O;D1;H0:22]).([OH2;D0;+0:18])	1	11546
([C:13]-[C@H;D3;+0:12]1-[#8:11]-[C@@H;D3;+0:10](-[NH;D2;+0:9]-[C;H0;D3;+0:7](-[C:6])=[O;D1;H0:8])-[C@H;D3;+0:19](-[#7:20]-[C:21](-[C;D1;H3:23])=[O;D1;H0:22])-[C:17]-[C@@H;D3;+0:15]-1-[O;D1;H1:16]).([OH2;D0;+0:24])>>([C:13]-[C@H;D3;+0:12]1-[#8:11]-[C@@H;D3;+0:10](-[NH2;D1;+0:9])-[C@H;D3;+0:19](-[#7:20]-[C:21](-[C;D1;H3:23])=[O;D1;H0:22])-[C:17]-[C@@H;D3;+0:15]-1-[O;D1;H1:16]).([C:6]-[C;H0;D3;+0:7](-[O-;H0;D1:24])=[O;D1;H0:8]).([#1;H0;D0;+1])	1	11545
([O-;H0;D1:3]-[C;H0;D3;+0:2](=[O;D1;H0:1])-[c;H0;D3;+0:4]1:[#7;a:11]:[c:9]:[#7;a:8]:[c:6]:[c:5]:1)>>([#7;a:11]1:[c:9]:[#7;a:8]:[c:6]:[c:5]:[cH;D2;+0:4]:1).([O;D1;H0:1]=[C;H0;D2;+0:2]=[O;H0;D1;+0:3])	1	11597
([#7;a:5]:[cH;D2;+0:4]:[c:3]:[c:2]:[#7;a:8]).([O;D1;H0:24]=[C;H0;D2;+0:23]=[O;H0;D1;+0:22])>>([#7;a:5]:[c;H0;D3;+0:4](:[c:3]:[c:2]:[#7;a:8])-[C;H0;D3;+0:23](-[O-;H0;D1:22])=[O;D1;H0:24]).([#1;H0;D0;+1])	1	11598
([OH;D1;+0:12]-[C@@H;D3;+0:11]1-[C:10]=[C:9]-[C:8]=[C:7]-[C:6]-1).([N;+;D1;H3:21]-[C@@H;D3;+0:20](-[C:22]-[C:23]-[C;H0;D3;+0:24](-[NH2;D1;+0:26])=[O;D1;H0:25])-[C:18](-[O;-;D1;H0:19])=[O;D1;H0:17])>>([NH3+;D1:26]-[C@@H;D3;+0:11]1-[C:10]=[C:9]-[C:8]=[C:7]-[C:6]-1).([N;+;D1;H3:21]-[C@@H;D3;+0:20](-[C:22]-[C:23]-[C;H0;D3;+0:24](-[O-;H0;D1:12])=[O;D1;H0:25])-[C:18](-[O;-;D1;H0:19])=[O;D1;H0:17])	1	11673
([NH3+;D1:12]-[C@@H;D3;+0:11]1-[C:10]=[C:9]-[C:8]=[C:7]-[C:6]-1).([N;+;D1;H3:26]-[C@@H;D3;+0:22](-[C:21]-[C:20]-[C;H0;D3;+0:18](-[O-;H0;D1:19])=[O;D1;H0:17])-[C:23](-[O;-;D1;H0:25])=[O;D1;H0:24])>>([OH;D1;+0:19]-[C@@H;D3;+0:11]1-[C:10]=[C:9]-[C:8]=[C:7]-[C:6]-1).([N;+;D1;H3:26]-[C@@H;D3;+0:22](-[C:21]-[C:20]-[C;H0;D3;+0:18](-[NH2;D1;+0:12])=[O;D1;H0:17])-[C:23](-[O;-;D1;H0:25])=[O;D1;H0:24])	1	11674
([#7;a:10]:[c:6](:[c:7]:[#7;a:8]):[n;H0;D2;+0:5]:[c;H0;D3;+0:4](:[#7;a:3])-[NH2;D1;+0:24]).([#8:29]-[P;H0;D4;+0:26](-[O-;H0;D1:27])(-[O;-;D1;H0:28])=[O;D1;H0:25]).([N;+;D1;H3:57]-[C@@H;D3;+0:53](-[C:52]-[C:51]-[C;H0;D3;+0:49](-[O-;H0;D1:50])=[O;D1;H0:48])-[C:54](-[O;-;D1;H0:56])=[O;D1;H0:55]).([#15:63]-[OH;D1;+0:66])>>([#15:63]-[O;H0;D2;+0:66]-[P;H0;D4;+0:26](-[#8:29])(-[O;-;D1;H0:28])=[O;D1;H0:25]).([#7;a:10]:[c:6](:[c:7]:[#7;a:8]):[nH;D2;+0:5]:[c;H0;D3;+0:4](:[#7;a:3])=[O;H0;D1;+0:50]).([N;+;D1;H3:57]-[C@@H;D3;+0:53](-[C:52]-[C:51]-[C;H0;D3;+0:49](-[NH2;D1;+0:24])=[O;D1;H0:48])-[C:54](-[O;-;D1;H0:56])=[O;D1;H0:55]).([OH2;D0;+0:27])	1	11682
([#15:6]-[O;H0;D2;+0:9]-[P;H0;D4;+0:10](-[#8:13])(-[O;-;D1;H0:12])=[O;D1;H0:11]).([#7;a:34]:[c;H0;D3;+0:33](=[O;H0;D1;+0:32]):[nH;D2;+0:42]:[c:41](:[#7;a:40]):[c:37]:[#7;a:38]).([N;+;D1;H3:60]-[C@@H;D3;+0:59](-[C:61]-[C:62]-[C;H0;D3;+0:63](-[NH2;D1;+0:65])=[O;D1;H0:64])-[C:57](-[O;-;D1;H0:58])=[O;D1;H0:56]).([OH2;D0;+0:66])>>([#7;a:34]:[c;H0;D3;+0:33](-[NH2;D1;+0:65]):[n;H0;D2;+0:42]:[c:41](:[#7;a:40]):[c:37]:[#7;a:38]).([#8:13]-[P;H0;D4;+0:10](-[O-;H0;D1:66])(-[O;-;D1;H0:12])=[O;D1;H0:11]).([N;+;D1;H3:60]-[C@@H;D3;+0:59](-[C:61]-[C:62]-[C;H0;D3;+0:63](-[O-;H0;D1:32])=[O;D1;H0:64])-[C:57](-[O;-;D1;H0:58])=[O;D1;H0:56]).([#15:6]-[OH;D1;+0:9]).([#1;H0;D0;+1]).([#1;H0;D0;+1])	1	11681
([C:37]-[O;H0;D2;+0:38]-[P;H0;D4;+0:39](-[O;-;D1;H0:41])(-[O;-;D1;H0:42])=[O;D1;H0:40]).([C:85]-[OH;D1;+0:86])>>([C:85]-[O;H0;D2;+0:86]-[P;H0;D4;+0:39](-[O;-;D1;H0:41])(-[O;-;D1;H0:42])=[O;D1;H0:40]).([C:37]-[OH;D1;+0:38])	1	11693
([C:37]-[O;H0;D2;+0:38]-[P;H0;D4;+0:39](-[O;-;D1;H0:41])(-[O;-;D1;H0:42])=[O;D1;H0:40]).([C:85]-[OH;D1;+0:86])>>([C:85]-[O;H0;D2;+0:86]-[P;H0;D4;+0:39](-[O;-;D1;H0:41])(-[O;-;D1;H0:42])=[O;D1;H0:40]).([C:37]-[OH;D1;+0:38])	1	11694
([#8:11]-[C:10]-[N;H0;D3;+0:6]1-[CH;D2;+0:5]=[C;H0;D3;+0:4](-[C:2](-[N;D1;H2:3])=[O;D1;H0:1])-[CH2;D2;+0:9]-[CH;D2;+0:8]=[CH;D2;+0:7]-1).([#7:84]-[C:82](=[O;D1;H0:83])-[C@@H;D3;+0:71](-[#7:72]-[C:73]=[O;D1;H0:74])-[C:70]-[S;H0;D2;+0:69]-[S;H0;D2;+0:68]-[C:67].[C:76]-[C@H;D3;+0:77](-[N;+;D1;H3:81])-[C:78](-[O;-;D1;H0:80])=[O;D1;H0:79])>>([#8:11]-[C:10]-[n+;H0;D3:6]1:[cH;D2;+0:5]:[c;H0;D3;+0:4](-[C:2](-[N;D1;H2:3])=[O;D1;H0:1]):[cH;D2;+0:9]:[cH;D2;+0:8]:[cH;D2;+0:7]:1).([#7:84]-[C:82](=[O;D1;H0:83])-[C@@H;D3;+0:71](-[#7:72]-[C:73]=[O;D1;H0:74])-[C:70]-[SH;D1;+0:69].[C:76]-[C@H;D3;+0:77](-[N;+;D1;H3:81])-[C:78](-[O;-;D1;H0:80])=[O;D1;H0:79]).([C:67]-[SH;D1;+0:68])	1	11742
([#8:11]-[C:10]-[n+;H0;D3:8]1:[cH;D2;+0:7]:[cH;D2;+0:6]:[cH;D2;+0:5]:[c;H0;D3;+0:4](-[C:2](-[N;D1;H2:3])=[O;D1;H0:1]):[cH;D2;+0:9]:1).([#7:53]-[C:54](=[O;D1;H0:55])-[C@@H;D3;+0:56](-[#7:57]-[C:58]=[O;D1;H0:59])-[C:67]-[SH;D1;+0:68]).([#7:73]-[C:74](=[O;D1;H0:75])-[C@@H;D3;+0:76](-[#7:77]-[C:78]=[O;D1;H0:79])-[C:87]-[SH;D1;+0:88])>>([#8:11]-[C:10]-[N;H0;D3;+0:8]1-[CH;D2;+0:7]=[CH;D2;+0:6]-[CH2;D2;+0:5]-[C;H0;D3;+0:4](-[C:2](-[N;D1;H2:3])=[O;D1;H0:1])=[CH;D2;+0:9]-1).([#7:53]-[C:54](=[O;D1;H0:55])-[C@@H;D3;+0:56](-[#7:57]-[C:58]=[O;D1;H0:59])-[C:67]-[S;H0;D2;+0:68]-[S;H0;D2;+0:88]-[C:87]-[C@H;D3;+0:76](-[#7:77]-[C:78]=[O;D1;H0:79])-[C:74](-[#7:73])=[O;D1;H0:75]).([#1;H0;D0;+1])	1	11741
([C:5]-[SH;D1;+0:6]).([C;D1;H3:54]-[C;H0;D3;+0:52](=[O;D1;H0:53])-[C;H0;D3;+0:50](-[O;-;D1;H0:51])=[O;D1;H0:49])>>([C:5]-[S;H0;D2;+0:6]-[C;H0;D3;+0:52](-[C;D1;H3:54])=[O;D1;H0:53]).([O;-;D1;H0:51]-[CH;D2;+0:50]=[O;D1;H0:49])	1	11846
([C:4]-[S;H0;D2;+0:3]-[C;H0;D3;+0:2](-[C;D1;H3:51])=[O;D1;H0:1]).([O;-;D1;H0:52]-[CH;D2;+0:53]=[O;D1;H0:54])>>([C:4]-[SH;D1;+0:3]).([C;D1;H3:51]-[C;H0;D3;+0:2](=[O;D1;H0:1])-[C;H0;D3;+0:53](-[O;-;D1;H0:52])=[O;D1;H0:54])	1	11845
([C;D1;H3:3]-[C;H0;D3;+0:2](-[C;D1;H3:4])=[O;H0;D1;+0:1]).([CH;D1;+0:6]#[N;D1;H0:5])>>([C;D1;H3:3]-[C;H0;D4;+0:2](-[C;D1;H3:4])(-[OH;D1;+0:1])-[C;H0;D2;+0:6]#[N;D1;H0:5])	1	11934
([C;D1;H3:5]-[C;H0;D4;+0:3](-[C;D1;H3:6])(-[OH;D1;+0:4])-[C;H0;D2;+0:2]#[N;D1;H0:1])>>([C;D1;H3:5]-[C;H0;D3;+0:3](-[C;D1;H3:6])=[O;H0;D1;+0:4]).([CH;D1;+0:2]#[N;D1;H0:1])	1	11933
([#15:6]-[O;H0;D2;+0:9]-[CH2;D2;+0:10]/[C:11]=[C:12](\[C;D1;H3:13])-[C:14]-[C:15]/[CH;D2;+0:16]=[C;H0;D3;+0:17](\[C;D1;H3:18])-[C:19]-[C:20]-[CH;D2;+0:21]=[C;H0;D3;+0:22](-[CH3;D1;+0:23])-[CH3;D1;+0:24])>>([C;D1;H3:13]-[C:12]1=[C:11]-[CH2;D2;+0:10]-[C@@;H0;D4;+0:16](-[CH3;D1;+0:24])(-[C@@;H0;D4;+0:17]2(-[C;D1;H3:18])-[C:19]-[C:20]-[CH2;D2;+0:21]-[C;H0;D3;+0:22]-2=[CH2;D1;+0:23])-[C:15]-[C:14]-1).([#15:6]-[OH;D1;+0:9])	1	12053
([C:12]=[C:11]-[CH2;D2;+0:10]-[C@@;H0;D4;+0:8](-[C:15])(-[CH3;D1;+0:9])-[C@@;H0;D4;+0:6]1(-[C;D1;H3:7])-[C:5]-[C:4]-[CH2;D2;+0:3]-[C;H0;D3;+0:2]-1=[CH2;D1;+0:1]).([#15:21]-[OH;D1;+0:24])>>([#15:21]-[O;H0;D2;+0:24]-[CH2;D2;+0:10]/[C:11]=[C:12].[C:15]/[CH;D2;+0:8]=[C;H0;D3;+0:6](\[C;D1;H3:7])-[C:5]-[C:4]-[CH;D2;+0:3]=[C;H0;D3;+0:2](-[CH3;D1;+0:1])-[CH3;D1;+0:9])	1	12054
([#7;a:23]:[c:21]:[c:20]1:[c:26](:[#7;a:25])-[#7:27]-[C:28]-[C;H0;D3;+0:18](-[C:17]-[NH;D2;+0:16]-[c:13])=[N;H0;D2;+0:19]-1).([#7;a:35]:[c:34]:[c;H0;D3;+0:40](-[CH3;D1;+0:41]):[c:39]:[#7;a:38])>>([#7;a:23]:[c:21]:[c:20]1:[c:26](:[#7;a:25])-[#7:27]-[C:28]-[C@@H;D3;+0:18]2-[C:17]-[N;H0;D3;+0:16](-[c:13])-[CH2;D2;+0:41]-[N;H0;D3;+0:19]-2-1).([#7;a:35]:[c:34]:[cH;D2;+0:40]:[c:39]:[#7;a:38])	1	12106
([#7;a:7]:[c:5]:[c:4]1:[c:10](:[#7;a:9])-[#7:11]-[C:12]-[C@@H;D3;+0:2]2-[C:1]-[N;H0;D3;+0:15](-[c:16])-[CH2;D2;+0:14]-[N;H0;D3;+0:3]-2-1).([#7;a:38]:[c:37]:[cH;D2;+0:36]:[c:35]:[#7;a:41])>>([#7;a:7]:[c:5]:[c:4]1:[c:10](:[#7;a:9])-[#7:11]-[C:12]-[C;H0;D3;+0:2](-[C:1]-[NH;D2;+0:15]-[c:16])=[N;H0;D2;+0:3]-1).([#7;a:38]:[c:37]:[c;H0;D3;+0:36](-[CH3;D1;+0:14]):[c:35]:[#7;a:41])	1	12105
([#15:6]-[O;H0;D2;+0:9]-[P;H0;D4;+0:10](-[#8:13])(-[O;-;D1;H0:12])=[O;D1;H0:11]).([C:38]-[C;H0;D3;+0:39](-[NH2;D1;+0:41])=[O;D1;H0:40]).([N;+;D1;H3:50]-[C@@H;D3;+0:46](-[C:45]-[C;H0;D3;+0:43](-[O-;H0;D1:44])=[O;D1;H0:42])-[C:47](-[O;-;D1;H0:49])=[O;D1;H0:48]).([OH2;D0;+0:51])>>([#8:13]-[P;H0;D4;+0:10](-[O-;H0;D1:51])(-[O;-;D1;H0:12])=[O;D1;H0:11]).([C:38]-[C;H0;D3;+0:39](-[O-;H0;D1:44])=[O;D1;H0:40]).([#15:6]-[OH;D1;+0:9]).([N;+;D1;H3:50]-[C@@H;D3;+0:46](-[C:45]-[C;H0;D3;+0:43](-[NH2;D1;+0:41])=[O;D1;H0:42])-[C:47](-[O;-;D1;H0:49])=[O;D1;H0:48]).([#1;H0;D0;+1])	1	12229
([#8:5]-[P;H0;D4;+0:2](-[O-;H0;D1:3])(-[O;-;D1;H0:4])=[O;D1;H0:1]).([N;+;D1;H3:33]-[C@@H;D3;+0:29](-[C:28]-[C:27]-[C;H0;D3;+0:25](-[O-;H0;D1:26])=[O;D1;H0:24])-[C:30](-[O;-;D1;H0:32])=[O;D1;H0:31]).([#15:39]-[OH;D1;+0:42]).([C:48]-[C;H0;D3;+0:49](-[NH2;D1;+0:51])=[O;D1;H0:50])>>([#15:39]-[O;H0;D2;+0:42]-[P;H0;D4;+0:2](-[#8:5])(-[O;-;D1;H0:4])=[O;D1;H0:1]).([N;+;D1;H3:33]-[C@@H;D3;+0:29](-[C:28]-[C:27]-[C;H0;D3;+0:25](-[NH2;D1;+0:51])=[O;D1;H0:24])-[C:30](-[O;-;D1;H0:32])=[O;D1;H0:31]).([C:48]-[C;H0;D3;+0:49](-[O-;H0;D1:26])=[O;D1;H0:50]).([OH2;D0;+0:3])	1	12230
([C:13]-[S;H0;D2;+0:14]-[S;H0;D2;+0:15]-[C:16]).([CH4;D0;+0:29])>>([C:13]-[SH;D1;+0:14]).([C:16]-[S;H0;D2;+0:15]-[CH3;D1;+0:29])	1	12534
([#8:16]-[C@H;D3;+0:15](-[C;D1;H3:21])-[C:4]-[C:2](-[O;-;D1;H0:3])=[O;D1;H0:1].[C:13]-[SH;D1;+0:14]).([C:27]-[S;H0;D2;+0:28]-[CH3;D1;+0:29])>>([#8:16]-[C@H;D3;+0:15](-[C;D1;H3:21])-[C:4]-[C:2](-[O;-;D1;H0:3])=[O;D1;H0:1].[C:13]-[S;H0;D2;+0:14]-[S;H0;D2;+0:28]-[C:27]).([CH4;D0;+0:29])	1	12533
([*;D1;H0:1]-[C;H0;D2;+0:2]#[N;H0;D1;+0:3]).([OH2;D0;+0:4])>>([*;D1;H0:1]-[C;H0;D3;+0:2](-[NH2;D1;+0:3])=[O;H0;D1;+0:4])	1	12675
([*;D1;H0:1]-[C;H0;D3;+0:2](-[NH2;D1;+0:4])=[O;H0;D1;+0:3])>>([*;D1;H0:1]-[C;H0;D2;+0:2]#[N;H0;D1;+0:4]).([OH2;D0;+0:3])	1	12674
([C:13]-[C@H;D3;+0:12]1-[#8:11]-[C@@H;D3;+0:10](-[n+;H0;D3:8](:[c:7]):[cH;D2;+0:9]:[c:4]-[C:2](-[O;-;D1;H0:3])=[O;D1;H0:1])-[C@H;D3;+0:21](-[O;D1;H1:22])-[C@@H;D3;+0:19]-1-[O;D1;H1:20]).([#15:28]-[OH;D1;+0:31]).([O;D1;H0:34]=[C;H0;D2;+0:33]=[O;H0;D1;+0:32])>>([#15:28]-[O;H0;D2;+0:31]-[C@H;D3;+0:10]1-[#8:11]-[C@H;D3;+0:12](-[C:13])-[C@@H;D3;+0:19](-[O;D1;H1:20])-[C@H;D3;+0:21]-1-[O;D1;H1:22]).([O-;H0;D1:32]-[C;H0;D3;+0:33](=[O;D1;H0:34])-[c;H0;D3;+0:9](:[c:4]-[C:2](-[O;-;D1;H0:3])=[O;D1;H0:1]):[n;H0;D2;+0:8]:[c:7]).([#1;H0;D0;+1]).([#1;H0;D0;+1])	1	12734
([#15:11]-[O;H0;D2;+0:10]-[C@@H;D3;+0:9](-[#8:8])-[C:19]).([O-;H0;D1:25]-[C;H0;D3;+0:24](=[O;D1;H0:23])-[c;H0;D3;+0:26](:[c:31]-[C:32](-[O;-;D1;H0:34])=[O;D1;H0:33]):[n;H0;D2;+0:27]:[c:28])>>([#8:8]-[C@H;D3;+0:9](-[C:19])-[n+;H0;D3:27](:[c:28]):[cH;D2;+0:26]:[c:31]-[C:32](-[O;-;D1;H0:34])=[O;D1;H0:33]).([#15:11]-[OH;D1;+0:10]).([O;D1;H0:23]=[C;H0;D2;+0:24]=[O;H0;D1;+0:25])	1	12735
([C:5]-[C@@H;D3;+0:6](-[N;+;D1;H3:10])-[C:7](-[O;-;D1;H0:9])=[O;D1;H0:8])>>([C:5]-[C@H;D3;+0:6](-[N;+;D1;H3:10])-[C:7](-[O;-;D1;H0:9])=[O;D1;H0:8])	1	12815
([C:5]-[C@H;D3;+0:6](-[N;+;D1;H3:10])-[C:7](-[O;-;D1;H0:9])=[O;D1;H0:8])>>([C:5]-[C@@H;D3;+0:6](-[N;+;D1;H3:10])-[C:7](-[O;-;D1;H0:9])=[O;D1;H0:8])	1	12814
([CH3;D1;+0:5]-[C@@H;D3;+0:4](-[C:6]-[C:7](-[O;-;D1;H0:9])=[O;D1;H0:8])-[C;H0;D3;+0:2](-[O;-;D1;H0:3])=[O;D1;H0:1])>>([O;-;D1;H0:3]-[C;H0;D3;+0:2](=[O;D1;H0:1])-[CH2;D2;+0:5]-[CH2;D2;+0:4]-[C:6]-[C:7](-[O;-;D1;H0:9])=[O;D1;H0:8])	1	12858
([O;-;D1;H0:3]-[C;H0;D3;+0:2](=[O;D1;H0:1])-[CH2;D2;+0:4]-[CH2;D2;+0:5]-[C:6]-[C:7](-[O;-;D1;H0:9])=[O;D1;H0:8])>>([CH3;D1;+0:4]-[C@@H;D3;+0:5](-[C:6]-[C:7](-[O;-;D1;H0:9])=[O;D1;H0:8])-[C;H0;D3;+0:2](-[O;-;D1;H0:3])=[O;D1;H0:1])	1	12859
([C:18]=[C:17]/[C:16]1-[C:10]-[C@@H;D3;+0:11]2-[C:15]-[C@H;D3;+0:14]-1-[O;H0;D2;+0:13]-[O;H0;D2;+0:12]-2)>>([C:18]=[C:17]/[C:16]1-[C:10]-[C;H0;D3;+0:11](=[O;H0;D1;+0:12])-[C:15]-[C@H;D3;+0:14]-1-[OH;D1;+0:13])	1	12894
([C:18]=[C:17]/[C:16]1-[C:10]-[C;H0;D3;+0:11](=[O;H0;D1;+0:12])-[C:13]-[C@H;D3;+0:14]-1-[OH;D1;+0:15])>>([C:18]=[C:17]/[C:16]1-[C:10]-[C@@H;D3;+0:11]2-[C:13]-[C@H;D3;+0:14]-1-[O;H0;D2;+0:15]-[O;H0;D2;+0:12]-2)	1	12895
([C:13]-[C@@H;D3;+0:11](-[OH;D1;+0:12])-[C@@H;D3;+0:9](-[O;D1;H1:10])-[C:2]=[O;D1;H0:1])>>([O;D1;H0:1]=[C:2]-[CH2;D2;+0:9]-[O;D1;H1:10]).([C:13]-[CH;D2;+0:11]=[O;H0;D1;+0:12])	1	12934
([O;D1;H0:1]=[C:2]-[CH2;D2;+0:3]-[O;D1;H1:4]).([C:14]-[CH;D2;+0:12]=[O;H0;D1;+0:13])>>([C:14]-[C@@H;D3;+0:12](-[OH;D1;+0:13])-[C@@H;D3;+0:3](-[O;D1;H1:4])-[C:2]=[O;D1;H0:1])	1	12935
([#15:2]-[O-;H0;D1:3]).([#15:33]-[O;H0;D2;+0:32]-[P;H0;D4;+0:29](-[O;-;D1;H0:30])(-[O;-;D1;H0:31])=[O;D1;H0:28])>>([#15:2]-[O;H0;D2;+0:3]-[P;H0;D4;+0:29](-[O;-;D1;H0:30])(-[O;-;D1;H0:31])=[O;D1;H0:28]).([#15:33]-[O-;H0;D1:32])	1	12975
([#15:6]-[O;H0;D2;+0:5]-[P;H0;D4;+0:2](-[O;-;D1;H0:3])(-[O;-;D1;H0:4])=[O;D1;H0:1]).([#15:33]-[O-;H0;D1:34])>>([#15:33]-[O;H0;D2;+0:34]-[P;H0;D4;+0:2](-[O;-;D1;H0:3])(-[O;-;D1;H0:4])=[O;D1;H0:1]).([#15:6]-[O-;H0;D1:5])	1	12974
([#7;a:8]:[c:9]-[CH2;D2;+0:10]-[c;H0;D3;+0:11](:[c:15]):[#7;a:12]:[c:13]-[CH2;D2;+0:25]-[c;H0;D3;+0:26](:[c:30]):[#7;a:27]:[c:28]-[CH2;D2;+0:40]-[c;H0;D3;+0:41](:[c:45]):[#7;a:42]:[c:43]-[CH2;D2;+0:55]-[OH;D1;+0:56]).([NH4+;D0:62]).([NH4+;D0:63]).([NH4+;D0:64]).([NH4+;D0:65])>>([#7;a:8]:[c:9]-[CH2;D2;+0:10]-[NH3+;D1:62]).([NH3+;D1:63]-[CH2;D2;+0:25]-[c:13]:[#7;a:12]:[cH;D2;+0:11]:[c:15]).([NH3+;D1:64]-[CH2;D2;+0:40]-[c:28]:[#7;a:27]:[cH;D2;+0:26]:[c:30]).([NH3+;D1:65]-[CH2;D2;+0:55]-[c:43]:[#7;a:42]:[cH;D2;+0:41]:[c:45]).([OH2;D0;+0:56])	1	13187
([#7;a:8]:[c:9]-[CH2;D2;+0:10]-[NH3+;D1:11]).([NH3+;D1:27]-[CH2;D2;+0:26]-[c:25]:[#7;a:24]:[cH;D2;+0:23]:[c:22]).([NH3+;D1:43]-[CH2;D2;+0:42]-[c:41]:[#7;a:40]:[cH;D2;+0:39]:[c:38]).([NH3+;D1:59]-[CH2;D2;+0:58]-[c:57]:[#7;a:56]:[cH;D2;+0:55]:[c:54]).([OH2;D0;+0:65])>>([#7;a:8]:[c:9]-[CH2;D2;+0:10]-[c;H0;D3;+0:23](:[c:22]):[#7;a:24]:[c:25]-[CH2;D2;+0:26]-[c;H0;D3;+0:39](:[c:38]):[#7;a:40]:[c:41]-[CH2;D2;+0:42]-[c;H0;D3;+0:55](:[c:54]):[#7;a:56]:[c:57]-[CH2;D2;+0:58]-[OH;D1;+0:65]).([NH4+;D0:11]).([NH4+;D0:27]).([NH4+;D0:43]).([NH4+;D0:59])	1	13186
([C:8]-[NH;D2;+0:9]-[C;H0;D3;+0:10](=[N;+;D1;H2:12])-[N;D1;H2:11]).([NH3+;D1:17]-[C:16]-[C:14](-[O;-;D1;H0:15])=[O;D1;H0:13])>>([C:8]-[NH3+;D1:9]).([N;+;D1;H2:12]=[C;H0;D3;+0:10](-[N;D1;H2:11])-[NH;D2;+0:17]-[C:16]-[C:14](-[O;-;D1;H0:15])=[O;D1;H0:13])	1	13202
([C:8]-[NH3+;D1:9]).([N;+;D1;H2:17]=[C;H0;D3;+0:15](-[N;D1;H2:16])-[NH;D2;+0:14]-[C:13]-[C:11](-[O;-;D1;H0:12])=[O;D1;H0:10])>>([C:8]-[NH;D2;+0:9]-[C;H0;D3;+0:15](=[N;+;D1;H2:17])-[N;D1;H2:16]).([NH3+;D1:14]-[C:13]-[C:11](-[O;-;D1;H0:12])=[O;D1;H0:10])	1	13203
([O;-;D1;H0:13]-[C:11](=[O;D1;H0:12])-[C@H;D3;+0:9](-[OH;D1;+0:10])-[C@H;D3;+0:5](-[C:4]-[C:2](-[O;-;D1;H0:3])=[O;D1;H0:1])-[C:6](-[O;-;D1;H0:8])=[O;D1;H0:7])>>([O;-;D1;H0:3]-[C:2](=[O;D1;H0:1])-[C:4]-[CH2;D2;+0:5]-[C:6](-[O;-;D1;H0:8])=[O;D1;H0:7]).([O;-;D1;H0:13]-[C:11](=[O;D1;H0:12])-[CH;D2;+0:9]=[O;H0;D1;+0:10])	1	13246
([O;-;D1;H0:3]-[C:2](=[O;D1;H0:1])-[CH2;D2;+0:4]-[C:5]-[C:6](-[O;-;D1;H0:8])=[O;D1;H0:7]).([O;-;D1;H0:9]-[C:12](=[O;D1;H0:13])-[CH;D2;+0:10]=[O;H0;D1;+0:11])>>([O;-;D1;H0:3]-[C:2](=[O;D1;H0:1])-[C@@H;D3;+0:4](-[C:5]-[C:6](-[O;-;D1;H0:8])=[O;D1;H0:7])-[C@@H;D3;+0:10](-[OH;D1;+0:11])-[C:12](-[O;-;D1;H0:9])=[O;D1;H0:13])	1	13247
([NH3+;D1:5]-[C:4]-[C:2](-[O;-;D1;H0:3])=[O;D1;H0:1]).([OH;D1;+0:6]-[OH;D1;+0:7]).([CH2;D1;+0:9]=[O;H0;D1;+0:8])>>([CH3;D1;+0:9]-[NH2+;D2:5]-[C:4]-[C:2](-[O;-;D1;H0:3])=[O;D1;H0:1]).([OH2;D0;+0:8]).([O;H0;D1;+0:6]=[O;H0;D1;+0:7])	1	13315
([CH3;D1;+0:6]-[NH2+;D2:5]-[C:4]-[C:2](-[O;-;D1;H0:3])=[O;D1;H0:1]).([OH2;D0;+0:7]).([O;H0;D1;+0:8]=[O;H0;D1;+0:9])>>([NH3+;D1:5]-[C:4]-[C:2](-[O;-;D1;H0:3])=[O;D1;H0:1]).([OH;D1;+0:8]-[OH;D1;+0:9]).([CH2;D1;+0:6]=[O;H0;D1;+0:7])	1	13314
([#15:6]-[O;H0;D2;+0:5]-[P;H0;D4;+0:2](-[O;-;D1;H0:3])(-[O;-;D1;H0:4])=[O;D1;H0:1]).([C:35]-[C;H0;D3;+0:33](-[O-;H0;D1:34])=[O;D1;H0:32]).([NH3+;D1:52]-[C:51]-[C:49](-[O;-;D1;H0:50])=[O;D1;H0:48])>>([#15:6]-[O-;H0;D1:5]).([C:35]-[C;H0;D3;+0:33](=[O;D1;H0:32])-[NH;D2;+0:52]-[C:51]-[C:49](-[O;-;D1;H0:50])=[O;D1;H0:48]).([O;-;D1;H0:3]-[P;H0;D4;+0:2](-[O;-;D1;H0:4])(=[O;D1;H0:1])-[OH;D1;+0:34]).([#1;H0;D0;+1])	1	13558
([#15:2]-[O-;H0;D1:3]).([C:35]-[C;H0;D3;+0:33](=[O;D1;H0:34])-[NH;D2;+0:32]-[C:31]-[C:29](-[O;-;D1;H0:30])=[O;D1;H0:28]).([O;-;D1;H0:50]-[P;H0;D4;+0:49](-[O;-;D1;H0:51])(=[O;D1;H0:48])-[OH;D1;+0:52])>>([#15:2]-[O;H0;D2;+0:3]-[P;H0;D4;+0:49](-[O;-;D1;H0:50])(-[O;-;D1;H0:51])=[O;D1;H0:48]).([C:35]-[C;H0;D3;+0:33](-[O-;H0;D1:52])=[O;D1;H0:34]).([NH3+;D1:32]-[C:31]-[C:29](-[O;-;D1;H0:30])=[O;D1;H0:28])	1	13559
([C:7]-[C@@H;D3;+0:5](-[O;D1;H1:6])-[C:2]=[O;D1;H0:1])>>([C:7]-[C@H;D3;+0:5](-[O;D1;H1:6])-[C:2]=[O;D1;H0:1])	1	13678
([C:7]-[C@H;D3;+0:5](-[O;D1;H1:6])-[C:2]=[O;D1;H0:1])>>([C:7]-[C@@H;D3;+0:5](-[O;D1;H1:6])-[C:2]=[O;D1;H0:1])	1	13679
([#8:11]-[C:10]-[N;H0;D3;+0:6]1-[CH;D2;+0:5]=[C;H0;D3;+0:4](-[C:2](-[N;D1;H2:3])=[O;D1;H0:1])-[CH2;D2;+0:9]-[CH;D2;+0:8]=[CH;D2;+0:7]-1).([C:47]-[C;H0;D3;+0:46](-[C:49])=[O;H0;D1;+0:45])>>([#8:11]-[C:10]-[n+;H0;D3:6]1:[cH;D2;+0:5]:[c;H0;D3;+0:4](-[C:2](-[N;D1;H2:3])=[O;D1;H0:1]):[cH;D2;+0:9]:[cH;D2;+0:8]:[cH;D2;+0:7]:1).([C:47]-[CH;D3;+0:46](-[C:49])-[OH;D1;+0:45])	1	13771
([#8:11]-[C:10]-[n+;H0;D3:8]1:[cH;D2;+0:7]:[cH;D2;+0:6]:[cH;D2;+0:5]:[c;H0;D3;+0:4](-[C:2](-[N;D1;H2:3])=[O;D1;H0:1]):[cH;D2;+0:9]:1).([C:46]-[CH;D3;+0:47](-[C:49])-[OH;D1;+0:48])>>([#8:11]-[C:10]-[N;H0;D3;+0:8]1-[CH;D2;+0:7]=[CH;D2;+0:6]-[CH2;D2;+0:5]-[C;H0;D3;+0:4](-[C:2](-[N;D1;H2:3])=[O;D1;H0:1])=[CH;D2;+0:9]-1).([C:46]-[C;H0;D3;+0:47](-[C:49])=[O;H0;D1;+0:48]).([#1;H0;D0;+1])	1	13770
([#15:2]-[O-;H0;D1:3]).([#8:32]-[P;H0;D4;+0:29](-[O-;H0;D1:30])(-[O;-;D1;H0:31])=[O;D1;H0:28])>>([#15:2]-[O;H0;D2;+0:3]-[P;H0;D4;+0:29](-[#8:32])(-[O;-;D1;H0:31])=[O;D1;H0:28]).([OH2;D0;+0:30])	1	13895
([#15:24]-[O;H0;D2;+0:23]-[P;H0;D4;+0:2](-[#8:4])(-[O;-;D1;H0:3])=[O;D1;H0:1].[#7;a:9]-[C@H;D3;+0:8](-[#8:7])-[C@@H;D3;+0:19](-[C:21])-[OH;D1;+0:20]).([OH2;D0;+0:50])>>([#15:24]-[O-;H0;D1:23]).([#7;a:9]-[C@H;D3;+0:8](-[#8:7])-[C@@H;D3;+0:19](-[C:21])-[OH;D1;+0:50].[#8:4]-[P;H0;D4;+0:2](-[O-;H0;D1:20])(-[O;-;D1;H0:3])=[O;D1;H0:1]).([#1;H0;D0;+1]).([#1;H0;D0;+1])	1	13894
([O;-;D1;H0:3]-[C:2](=[O;D1;H0:1])-[C@H;D3;+0:4](-[O;D1;H1:5])-[c:6])>>([O;-;D1;H0:3]-[C:2](=[O;D1;H0:1])-[C@@H;D3;+0:4](-[O;D1;H1:5])-[c:6])	1	13947
([O;-;D1;H0:3]-[C:2](=[O;D1;H0:1])-[C@@H;D3;+0:4](-[O;D1;H1:5])-[c:6])>>([O;-;D1;H0:3]-[C:2](=[O;D1;H0:1])-[C@H;D3;+0:4](-[O;D1;H1:5])-[c:6])	1	13946
([C:5]-[C;H0;D3;+0:6](=[O;H0;D1;+0:7])-[CH2;D2;+0:8]-[NH3+;D1:9])>>([C:5]-[C@H;D3;+0:6](-[NH3+;D1:9])-[CH;D2;+0:8]=[O;H0;D1;+0:7])	1	14267
([C:6]-[C@H;D3;+0:4](-[NH3+;D1:5])-[CH;D2;+0:2]=[O;H0;D1;+0:3])>>([C:6]-[C;H0;D3;+0:4](=[O;H0;D1;+0:3])-[CH2;D2;+0:2]-[NH3+;D1:5])	1	14266
([O-;H0;D1:3]-[C;H0;D3;+0:2](=[O;D1;H0:1])-[C@@H;D3;+0:4](-[O;D1;H1:5])-[C:6]=[O;D1;H0:7])>>([O;D1;H0:7]=[C:6]-[CH2;D2;+0:4]-[O;D1;H1:5]).([O;D1;H0:1]=[C;H0;D2;+0:2]=[O;H0;D1;+0:3])	1	14354
([O;D1;H0:1]=[C:2]-[CH2;D2;+0:3]-[O;D1;H1:4]).([O;D1;H0:17]=[C;H0;D2;+0:16]=[O;H0;D1;+0:15])>>([O-;H0;D1:15]-[C;H0;D3;+0:16](=[O;D1;H0:17])-[C@@H;D3;+0:3](-[O;D1;H1:4])-[C:2]=[O;D1;H0:1]).([#1;H0;D0;+1])	1	14355
([#15:2]-[O-;H0;D1:3]).([O;-;D1;H0:33]-[P;H0;D4;+0:31](-[O;-;D1;H0:34])(=[O;D1;H0:32])-[O;H0;D2;+0:30]-[C:29]=[O;D1;H0:28])>>([#15:2]-[O;H0;D2;+0:3]-[P;H0;D4;+0:31](-[O;-;D1;H0:33])(-[O;-;D1;H0:34])=[O;D1;H0:32]).([O-;H0;D1:30]-[C:29]=[O;D1;H0:28])	1	14803
([#15:6]-[O;H0;D2;+0:5]-[P;H0;D4;+0:2](-[O;-;D1;H0:3])(-[O;-;D1;H0:4])=[O;D1;H0:1]).([O-;H0;D1:34]-[C:33]=[O;D1;H0:32])>>([#15:6]-[O-;H0;D1:5]).([O;-;D1;H0:3]-[P;H0;D4;+0:2](-[O;-;D1;H0:4])(=[O;D1;H0:1])-[O;H0;D2;+0:34]-[C:33]=[O;D1;H0:32])	1	14802
([OH;D1;+0:55]-[c;H0;D3;+0:54](:[c:53]):[c:56]).([Cl-;H0;D0:58])>>([Cl;H0;D1;+0:58]-[c;H0;D3;+0:54](:[c:53]):[c:56]).([OH2;D0;+0:55])	1	14855
([Cl;H0;D1;+0:55]-[c;H0;D3;+0:54](:[c:53]):[c:56]).([OH2;D0;+0:58])>>([OH;D1;+0:58]-[c;H0;D3;+0:54](:[c:53]):[c:56]).([Cl-;H0;D0:55]).([#1;H0;D0;+1])	1	14854
([#8:11]-[C:10]-[n+;H0;D3:8]1:[cH;D2;+0:7]:[cH;D2;+0:6]:[cH;D2;+0:5]:[c;H0;D3;+0:4](-[C:2](-[N;D1;H2:3])=[O;D1;H0:1]):[cH;D2;+0:9]:1).([#7;a:71]:[c:69]:[c:68]1:[c:74](:[#7;a:73])-[#7:75]-[C:76]-[C@H;D3;+0:66](-[C:65])-[NH;D2;+0:67]-1)>>([#8:11]-[C:10]-[N;H0;D3;+0:8]1-[CH;D2;+0:7]=[CH;D2;+0:6]-[CH2;D2;+0:5]-[C;H0;D3;+0:4](-[C:2](-[N;D1;H2:3])=[O;D1;H0:1])=[CH;D2;+0:9]-1).([#7;a:71]:[c:69]:[c:68]1:[c:74](:[#7;a:73])-[#7:75]-[C:76]-[C;H0;D3;+0:66](-[C:65])=[N;H0;D2;+0:67]-1).([#1;H0;D0;+1])	1	15010
([#8:11]-[C:10]-[N;H0;D3;+0:6]1-[CH;D2;+0:5]=[C;H0;D3;+0:4](-[C:2](-[N;D1;H2:3])=[O;D1;H0:1])-[CH2;D2;+0:9]-[CH;D2;+0:8]=[CH;D2;+0:7]-1).([#7;a:71]:[c:69]:[c:68]1:[c:74](:[#7;a:73])-[#7:75]-[C:76]-[C;H0;D3;+0:66](-[C:65])=[N;H0;D2;+0:67]-1)>>([#8:11]-[C:10]-[n+;H0;D3:6]1:[cH;D2;+0:5]:[c;H0;D3;+0:4](-[C:2](-[N;D1;H2:3])=[O;D1;H0:1]):[cH;D2;+0:9]:[cH;D2;+0:8]:[cH;D2;+0:7]:1).([#7;a:71]:[c:69]:[c:68]1:[c:74](:[#7;a:73])-[#7:75]-[C:76]-[C@H;D3;+0:66](-[C:65])-[NH;D2;+0:67]-1)	1	15011
([#8:11]-[C:10]-[n+;H0;D3:8]1:[cH;D2;+0:7]:[cH;D2;+0:6]:[cH;D2;+0:5]:[c;H0;D3;+0:4](-[C:2](-[N;D1;H2:3])=[O;D1;H0:1]):[cH;D2;+0:9]:1).([C:48]-[CH;D2;+0:46]=[O;D1;H0:47]).([OH2;D0;+0:52])>>([#8:11]-[C:10]-[N;H0;D3;+0:8]1-[CH;D2;+0:7]=[CH;D2;+0:6]-[CH2;D2;+0:5]-[C;H0;D3;+0:4](-[C:2](-[N;D1;H2:3])=[O;D1;H0:1])=[CH;D2;+0:9]-1).([C:48]-[C;H0;D3;+0:46](-[O-;H0;D1:52])=[O;D1;H0:47]).([#1;H0;D0;+1]).([#1;H0;D0;+1])	1	15306
([#8:11]-[C:10]-[N;H0;D3;+0:6]1-[CH;D2;+0:5]=[C;H0;D3;+0:4](-[C:2](-[N;D1;H2:3])=[O;D1;H0:1])-[CH2;D2;+0:9]-[CH;D2;+0:8]=[CH;D2;+0:7]-1).([C:48]-[C;H0;D3;+0:46](-[O-;H0;D1:47])=[O;D1;H0:45])>>([#8:11]-[C:10]-[n+;H0;D3:6]1:[cH;D2;+0:5]:[c;H0;D3;+0:4](-[C:2](-[N;D1;H2:3])=[O;D1;H0:1]):[cH;D2;+0:9]:[cH;D2;+0:8]:[cH;D2;+0:7]:1).([C:48]-[CH;D2;+0:46]=[O;D1;H0:45]).([OH2;D0;+0:47])	1	15307
([#15:6]-[O;H0;D2;+0:9]-[P;H0;D4;+0:10](-[#8:13])(-[O;-;D1;H0:12])=[O;D1;H0:11].[C:30]-[OH;D1;+0:31])>>([#8:13]-[P;H0;D4;+0:10](-[O;-;D1;H0:12])(=[O;D1;H0:11])-[O;H0;D2;+0:31]-[C:30]).([#15:6]-[OH;D1;+0:9])	1	15390
([#8:4]-[P;H0;D4;+0:2](-[O;-;D1;H0:3])(=[O;D1;H0:1])-[O;H0;D2;+0:22]-[C:21]).([#15:28]-[OH;D1;+0:31])>>([#15:28]-[O;H0;D2;+0:31]-[P;H0;D4;+0:2](-[#8:4])(-[O;-;D1;H0:3])=[O;D1;H0:1].[C:21]-[OH;D1;+0:22])	1	15391
([#7;a:7]:[c:5]:[c:4]1:[c:10](:[#7;a:9])-[#7:11]-[C:12]-[C@@H;D3;+0:2]2-[C:1]-[N;H0;D3;+0:15](-[c:16])-[CH2;D2;+0:14]-[N;H0;D3;+0:3]-2-1).([N;+;D1;H3:38]-[CH2;D2;+0:37]-[C:35](-[O;-;D1;H0:36])=[O;D1;H0:34]).([OH2;D0;+0:39])>>([#7;a:7]:[c:5]:[c:4]1:[c:10](:[#7;a:9])-[#7:11]-[C:12]-[C@H;D3;+0:2](-[C:1]-[NH;D2;+0:15]-[c:16])-[NH;D2;+0:3]-1).([N;+;D1;H3:38]-[C@@H;D3;+0:37](-[CH2;D2;+0:14]-[OH;D1;+0:39])-[C:35](-[O;-;D1;H0:36])=[O;D1;H0:34])	1	15482
([#7;a:23]:[c:21]:[c:20](-[NH;D2;+0:19]-[C:18]-[C:17]-[NH;D2;+0:16]-[c:13]):[c:26]:[#7;a:25]).([N;+;D1;H3:37]-[C@@H;D3;+0:36](-[CH2;D2;+0:38]-[OH;D1;+0:39])-[C:34](-[O;-;D1;H0:35])=[O;D1;H0:33])>>([#7;a:23]:[c:21]:[c:20](:[c:26]:[#7;a:25])-[N;H0;D3;+0:19]1-[C:18]-[C:17]-[N;H0;D3;+0:16](-[c:13])-[CH2;D2;+0:38]-1).([N;+;D1;H3:37]-[CH2;D2;+0:36]-[C:34](-[O;-;D1;H0:35])=[O;D1;H0:33]).([OH2;D0;+0:39])	1	15483
([#8:11]-[C:10]-[N;H0;D3;+0:6]1-[CH;D2;+0:5]=[C;H0;D3;+0:4](-[C:2](-[N;D1;H2:3])=[O;D1;H0:1])-[CH2;D2;+0:9]-[CH;D2;+0:8]=[CH;D2;+0:7]-1).([O;-;D1;H0:51]-[C:50](=[O;D1;H0:49])-[C;H0;D3;+0:52](=[O;H0;D1;+0:53])-[C:54]-[CH2;D2;+0:55]-[C:56](-[O;-;D1;H0:58])=[O;D1;H0:57]).([N;+;D1;H3:63]-[C@@H;D3;+0:62](-[C:64]-[C:65]-[C;H0;D3;+0:66](-[NH2;D1;+0:68])=[O;D1;H0:67])-[C:60](-[O;-;D1;H0:61])=[O;D1;H0:59])>>([#8:11]-[C:10]-[n+;H0;D3:6]1:[cH;D2;+0:5]:[c;H0;D3;+0:4](-[C:2](-[N;D1;H2:3])=[O;D1;H0:1]):[cH;D2;+0:9]:[cH;D2;+0:8]:[cH;D2;+0:7]:1).([N;+;D1;H3:63]-[C@@H;D3;+0:62](-[C:64]-[C:65]-[C;H0;D3;+0:66](-[O-;H0;D1:53])=[O;D1;H0:67])-[C:60](-[O;-;D1;H0:61])=[O;D1;H0:59]).([NH3+;D1:68]-[C@@H;D3;+0:55](-[C:54]-[CH2;D2;+0:52]-[C:50](-[O;-;D1;H0:51])=[O;D1;H0:49])-[C:56](-[O;-;D1;H0:58])=[O;D1;H0:57])	1	15503
([#8:11]-[C:10]-[n+;H0;D3:8]1:[cH;D2;+0:7]:[cH;D2;+0:6]:[cH;D2;+0:5]:[c;H0;D3;+0:4](-[C:2](-[N;D1;H2:3])=[O;D1;H0:1]):[cH;D2;+0:9]:1).([N;+;D1;H3:58]-[C@@H;D3;+0:54](-[C:53]-[C:52]-[C;H0;D3;+0:50](-[O-;H0;D1:51])=[O;D1;H0:49])-[C:55](-[O;-;D1;H0:57])=[O;D1;H0:56]).([NH3+;D1:68]-[C@@H;D3;+0:64](-[C:63]-[CH2;D2;+0:62]-[C:60](-[O;-;D1;H0:61])=[O;D1;H0:59])-[C:65](-[O;-;D1;H0:67])=[O;D1;H0:66])>>([#8:11]-[C:10]-[N;H0;D3;+0:8]1-[CH;D2;+0:7]=[CH;D2;+0:6]-[CH2;D2;+0:5]-[C;H0;D3;+0:4](-[C:2](-[N;D1;H2:3])=[O;D1;H0:1])=[CH;D2;+0:9]-1).([O;-;D1;H0:61]-[C:60](=[O;D1;H0:59])-[C;H0;D3;+0:62](=[O;H0;D1;+0:51])-[C:63]-[CH2;D2;+0:64]-[C:65](-[O;-;D1;H0:67])=[O;D1;H0:66]).([N;+;D1;H3:58]-[C@@H;D3;+0:54](-[C:53]-[C:52]-[C;H0;D3;+0:50](-[NH2;D1;+0:68])=[O;D1;H0:49])-[C:55](-[O;-;D1;H0:57])=[O;D1;H0:56]).([#1;H0;D0;+1])	1	15502
([#15:20]-[O;H0;D2;+0:23]-[P;H0;D4;+0:24](-[O;-;D1;H0:26])(-[O;-;D1;H0:27])=[O;D1;H0:25]).([#8:44]-[C:43](-[C@@H;D3;+0:54](-[C:52])-[O;D1;H1:55])-[n;H0;D3;+0:42]1:[c:41]:[#7;a:40]:[c:39]2:[c;H0;D3;+0:34](=[O;H0;D1;+0:33]):[nH;D2;+0:35]:[c:36]:[#7;a:37]:[c;H0;D3;+0:38]:2:1).([NH3+;D1:64]-[C@@H;D3;+0:60](-[C:59]-[C:57](-[O;-;D1;H0:58])=[O;D1;H0:56])-[C:61](-[O;-;D1;H0:63])=[O;D1;H0:62])>>([#8:44]-[C:43](-[C@@H;D3;+0:54](-[C:52])-[O;D1;H1:55])-[n;H0;D3;+0:42]1:[c:41]:[#7;a:40]:[c:39]2:[c;H0;D3;+0:34]:1:[n;H0;D2;+0:35]:[c:36]:[#7;a:37]:[c;H0;D3;+0:38]:2-[NH;D2;+0:64]-[CH;D3;+0:60](-[C:59]-[C:57](-[O;-;D1;H0:58])=[O;D1;H0:56])-[C:61](-[O;-;D1;H0:63])=[O;D1;H0:62]).([#15:20]-[O-;H0;D1:23]).([O;-;D1;H0:26]-[P;H0;D4;+0:24](-[O;-;D1;H0:27])(=[O;D1;H0:25])-[OH;D1;+0:33]).([#1;H0;D0;+1]).([#1;H0;D0;+1])	1	15754
([#8:17]-[C:16]-[n;H0;D3;+0:15]1:[c:14]:[#7;a:13]:[c:12]2:[c;H0;D3;+0:11]:1:[n;H0;D2;+0:10]:[c:9]:[#7;a:8]:[c;H0;D3;+0:7]:2-[NH;D2;+0:6]-[CH;D3;+0:5](-[C:4]-[C:2](-[O;-;D1;H0:3])=[O;D1;H0:1])-[C:29](-[O;-;D1;H0:31])=[O;D1;H0:30]).([#15:51]-[O-;H0;D1:53].[#8:43]-[C:44]-[C@@H;D3;+0:55](-[C:57])-[O;D1;H1:56]).([O;-;D1;H0:62]-[P;H0;D4;+0:61](-[O;-;D1;H0:63])(=[O;D1;H0:60])-[OH;D1;+0:64])>>([#15:51]-[O;H0;D2;+0:53]-[P;H0;D4;+0:61](-[O;-;D1;H0:62])(-[O;-;D1;H0:63])=[O;D1;H0:60].[#8:43]-[C:44]-[C@H;D3;+0:55](-[C:57])-[O;D1;H1:56]).([#8:17]-[C:16]-[n;H0;D3;+0:15]1:[c:14]:[#7;a:13]:[c:12]2:[c;H0;D3;+0:11](=[O;H0;D1;+0:64]):[nH;D2;+0:10]:[c:9]:[#7;a:8]:[c;H0;D3;+0:7]:2:1).([NH3+;D1:6]-[C@@H;D3;+0:5](-[C:4]-[C:2](-[O;-;D1;H0:3])=[O;D1;H0:1])-[C:29](-[O;-;D1;H0:31])=[O;D1;H0:30])	1	15755
([NH3+;D1:13]-[CH;D3;+0:5](-[c:6])-[CH2;D2;+0:4]-[C:2](-[O;-;D1;H0:3])=[O;D1;H0:1])>>([NH3+;D1:13]-[C@@H;D3;+0:4](-[CH2;D2;+0:5]-[c:6])-[C:2](-[O;-;D1;H0:3])=[O;D1;H0:1])	1	15783
([NH3+;D1:5]-[C@@H;D3;+0:4](-[CH2;D2;+0:6]-[c:7])-[C:2](-[O;-;D1;H0:3])=[O;D1;H0:1])>>([NH3+;D1:5]-[CH;D3;+0:6](-[c:7])-[CH2;D2;+0:4]-[C:2](-[O;-;D1;H0:3])=[O;D1;H0:1])	1	15782
([#15:2]-[O-;H0;D1:3]).([C;D1;H3:32]-[C@H;D3;+0:31]1-[C:33]-[NH;D2;+0:34]-[C;H0;D3;+0:29](=[O;D1;H0:28])-[NH;D2;+0:30]-1).([O;-;D1;H0:45]-[P;H0;D4;+0:44](-[O;-;D1;H0:46])(=[O;D1;H0:43])-[OH;D1;+0:47])>>([#15:2]-[O;H0;D2;+0:3]-[P;H0;D4;+0:44](-[O;-;D1;H0:45])(-[O;-;D1;H0:46])=[O;D1;H0:43]).([C;D1;H3:32]-[C@H;D3;+0:31](-[NH3+;D1:30])-[C:33]-[NH3+;D1:34]).([O;D1;H0:28]=[C;H0;D2;+0:29]=[O;H0;D1;+0:47])	1	15807
([#15:6]-[O;H0;D2;+0:5]-[P;H0;D4;+0:2](-[O;-;D1;H0:3])(-[O;-;D1;H0:4])=[O;D1;H0:1]).([C;D1;H3:43]-[C@H;D3;+0:42](-[NH3+;D1:44])-[C:40]-[NH3+;D1:41]).([O;D1;H0:47]=[C;H0;D2;+0:46]=[O;H0;D1;+0:45])>>([#15:6]-[O-;H0;D1:5]).([C;D1;H3:43]-[C@H;D3;+0:42]1-[C:40]-[NH;D2;+0:41]-[C;H0;D3;+0:46](=[O;D1;H0:47])-[NH;D2;+0:44]-1).([O;-;D1;H0:3]-[P;H0;D4;+0:2](-[O;-;D1;H0:4])(=[O;D1;H0:1])-[OH;D1;+0:45]).([#1;H0;D0;+1]).([#1;H0;D0;+1]).([#1;H0;D0;+1])	1	15806
([O;-;D1;H0:10]-[C:8](=[O;D1;H0:9])-[CH2;D2;+0:7]-[C:6]-[C;H0;D3;+0:4](=[O;H0;D1;+0:5])-[C:2](-[O;-;D1;H0:3])=[O;D1;H0:1]).([C;D1;H3:15]-[C@@H;D3;+0:14](-[NH3+;D1:16])-[C:12](-[O;-;D1;H0:13])=[O;D1;H0:11])>>([NH3+;D1:16]-[C@H;D3;+0:7](-[C:6]-[CH2;D2;+0:4]-[C:2](-[O;-;D1;H0:3])=[O;D1;H0:1])-[C:8](-[O;-;D1;H0:10])=[O;D1;H0:9]).([C;D1;H3:15]-[C;H0;D3;+0:14](=[O;H0;D1;+0:5])-[C:12](-[O;-;D1;H0:13])=[O;D1;H0:11])	1	15870
([NH3+;D1:10]-[C@H;D3;+0:6](-[C:5]-[CH2;D2;+0:4]-[C:2](-[O;-;D1;H0:3])=[O;D1;H0:1])-[C:7](-[O;-;D1;H0:9])=[O;D1;H0:8]).([C;D1;H3:16]-[C;H0;D3;+0:14](=[O;H0;D1;+0:15])-[C:12](-[O;-;D1;H0:13])=[O;D1;H0:11])>>([O;-;D1;H0:3]-[C:2](=[O;D1;H0:1])-[C;H0;D3;+0:4](=[O;H0;D1;+0:15])-[C:5]-[CH2;D2;+0:6]-[C:7](-[O;-;D1;H0:9])=[O;D1;H0:8]).([C;D1;H3:16]-[C@@H;D3;+0:14](-[NH3+;D1:10])-[C:12](-[O;-;D1;H0:13])=[O;D1;H0:11])	1	15871
([N;+;D1;H3:10]-[C@@H;D3;+0:6](-[C:5]-[C:4]-[C;H0;D3;+0:2](-[O-;H0;D1:3])=[O;D1;H0:1])-[C:7](-[O;-;D1;H0:9])=[O;D1;H0:8]).([NH4+;D0:11])>>([N;+;D1;H3:10]-[C@@H;D3;+0:6](-[C:5]-[C:4]-[C;H0;D3;+0:2](-[NH2;D1;+0:11])=[O;D1;H0:1])-[C:7](-[O;-;D1;H0:9])=[O;D1;H0:8]).([OH2;D0;+0:3])	1	15891
([C:7]-[C;H0;D3;+0:8](-[NH2;D1;+0:10])=[O;D1;H0:9]).([OH2;D0;+0:11])>>([C:7]-[C;H0;D3;+0:8](-[O-;H0;D1:11])=[O;D1;H0:9]).([NH4+;D0:10])	1	15890
([C:6]-[C;H0;D3;+0:4](=[O;D1;H0:5])-[C;H0;D3;+0:2](-[O-;H0;D1:3])=[O;D1;H0:1]).([C:16]-[CH2;D2;+0:15]-[S;H0;D4;+0:12](-[O;-;D1;H0:14])(=[O;D1;H0:11])=[O;H0;D1;+0:13]).([O;H0;D1;+0:18]=[O;H0;D1;+0:19])>>([C:6]-[C;H0;D3;+0:4](-[O-;H0;D1:18])=[O;D1;H0:5]).([O-;H0;D1:13]-[S;H0;D3;+0:12](-[O;-;D1;H0:14])=[O;D1;H0:11]).([C:16]-[CH;D2;+0:15]=[O;H0;D1;+0:19]).([O;D1;H0:1]=[C;H0;D2;+0:2]=[O;H0;D1;+0:3]).([#1;H0;D0;+1])	1	15910
([C:5]-[C;H0;D3;+0:6](-[O-;H0;D1:8])=[O;D1;H0:7]).([O-;H0;D1:12]-[S;H0;D3;+0:10](-[O;-;D1;H0:11])=[O;D1;H0:9]).([C:15]-[CH;D2;+0:14]=[O;H0;D1;+0:13]).([O;D1;H0:19]=[C;H0;D2;+0:18]=[O;H0;D1;+0:17])>>([C:5]-[C;H0;D3;+0:6](=[O;D1;H0:7])-[C;H0;D3;+0:18](-[O-;H0;D1:17])=[O;D1;H0:19]).([C:15]-[CH2;D2;+0:14]-[S;H0;D4;+0:10](-[O;-;D1;H0:11])(=[O;D1;H0:9])=[O;H0;D1;+0:12]).([O;H0;D1;+0:13]=[O;H0;D1;+0:8])	1	15911
([#15:2]-[O-;H0;D1:4].[#8:8]-[C@@H;D3;+0:7](-[C:22])-[C:6]).([C:43]-[C@@;H0;D4;+0:51](-[C:46])(-[C;D1;H3:28])-[C:49]=[O;D1;H0:50].[O;-;D1;H0:38]-[S;H0;D4;+0:35](=[O;D1;H0:36])(=[O;D1;H0:37])-[O;H0;D2;+0:34]-[c:33])>>([#15:2]-[O;H0;D2;+0:4]-[S;H0;D4;+0:35](-[O;-;D1;H0:38])(=[O;D1;H0:36])=[O;D1;H0:37].[#8:8]-[C@H;D3;+0:7](-[C:22])-[C:6]).([C:43]-[C@;H0;D4;+0:51](-[C:46])(-[C;D1;H3:28])-[C:49]=[O;D1;H0:50].[OH;D1;+0:34]-[c:33])	1	15975
([#15:14]-[O;H0;D2;+0:17]-[S;H0;D4;+0:18](-[O;-;D1;H0:21])(=[O;D1;H0:19])=[O;D1;H0:20].[#8:5]-[C@@H;D3;+0:6]1-[C:11]-[#8:10]-[C:9]-[C@@H;D3;+0:7]-1-[O;D1;H1:8]).([C:43]-[C@@;H0;D4;+0:51](-[C:46])(-[C;D1;H3:32])-[C:49]=[O;D1;H0:50].[OH;D1;+0:38]-[c:37])>>([#15:14]-[O-;H0;D1:17].[#8:5]-[C@@H;D3;+0:6]1-[C:11]-[#8:10]-[C:9]-[C@@H;D3;+0:7]-1-[O;D1;H1:8]).([C:43]-[C@;H0;D4;+0:51](-[C:46])(-[C;D1;H3:32])-[C:49]=[O;D1;H0:50].[O;-;D1;H0:21]-[S;H0;D4;+0:18](=[O;D1;H0:19])(=[O;D1;H0:20])-[O;H0;D2;+0:38]-[c:37]).([#1;H0;D0;+1])	1	15974
([C:22]-[CH2;D2;+0:23]-[N;+;D1;H3:24].[O;D1;H1:1]-[C@H;D3;+0:2]1-[C:7]-[#8:6]-[C:5]-[C@H;D3;+0:3]-1-[O;D1;H1:4]).([O;D1;H0:27]=[C;H0;D2;+0:26]=[O;H0;D1;+0:25])>>([C:22]-[C@H;D3;+0:23](-[N;+;D1;H3:24])-[C;H0;D3;+0:26](-[O-;H0;D1:25])=[O;D1;H0:27].[O;D1;H1:1]-[C@@H;D3;+0:2]1-[C:7]-[#8:6]-[C:5]-[C@@H;D3;+0:3]-1-[O;D1;H1:4]).([#1;H0;D0;+1])	1	15983
([#8:12]-[C:13]-[C@H;D3;+0:24](-[C:26])-[O;D1;H1:25].[C:6]-[C@H;D3;+0:4](-[N;+;D1;H3:5])-[C;H0;D3;+0:2](-[O-;H0;D1:3])=[O;D1;H0:1])>>([#8:12]-[C:13]-[C@@H;D3;+0:24](-[C:26])-[O;D1;H1:25].[C:6]-[CH2;D2;+0:4]-[N;+;D1;H3:5]).([O;D1;H0:1]=[C;H0;D2;+0:2]=[O;H0;D1;+0:3])	1	15982
([C:12]-[S;H0;D2;+0:11]-[C;H0;D3;+0:9](-[C:8])=[O;H0;D1;+0:10]).([#8:69]-[C:68]-[N;H0;D3;+0:64]1-[CH;D2;+0:63]=[C;H0;D3;+0:62](-[C:60](-[N;D1;H2:61])=[O;D1;H0:59])-[CH2;D2;+0:67]-[CH;D2;+0:66]=[CH;D2;+0:65]-1).([#8:117]-[C:116]-[N;H0;D3;+0:112]1-[CH;D2;+0:111]=[C;H0;D3;+0:110](-[C:108](-[N;D1;H2:109])=[O;D1;H0:107])-[CH2;D2;+0:115]-[CH;D2;+0:114]=[CH;D2;+0:113]-1)>>([C:12]-[SH;D1;+0:11]).([#8:69]-[C:68]-[n+;H0;D3:64]1:[cH;D2;+0:63]:[c;H0;D3;+0:62](-[C:60](-[N;D1;H2:61])=[O;D1;H0:59]):[cH;D2;+0:67]:[cH;D2;+0:66]:[cH;D2;+0:65]:1).([#8:117]-[C:116]-[n+;H0;D3:112]1:[cH;D2;+0:111]:[c;H0;D3;+0:110](-[C:108](-[N;D1;H2:109])=[O;D1;H0:107]):[cH;D2;+0:115]:[cH;D2;+0:114]:[cH;D2;+0:113]:1).([C:8]-[CH2;D2;+0:9]-[OH;D1;+0:10])	1	15991
([C:5]-[SH;D1;+0:6]).([#8:59]-[C:58]-[n+;H0;D3:56]1:[cH;D2;+0:55]:[cH;D2;+0:54]:[cH;D2;+0:53]:[c;H0;D3;+0:52](-[C:50](-[N;D1;H2:51])=[O;D1;H0:49]):[cH;D2;+0:57]:1).([#8:107]-[C:106]-[n+;H0;D3:104]1:[cH;D2;+0:103]:[cH;D2;+0:102]:[cH;D2;+0:101]:[c;H0;D3;+0:100](-[C:98](-[N;D1;H2:99])=[O;D1;H0:97]):[cH;D2;+0:105]:1).([C:152]-[CH2;D2;+0:153]-[OH;D1;+0:154])>>([C:152]-[C;H0;D3;+0:153](=[O;H0;D1;+0:154])-[S;H0;D2;+0:6]-[C:5]).([#8:59]-[C:58]-[N;H0;D3;+0:56]1-[CH;D2;+0:55]=[CH;D2;+0:54]-[CH2;D2;+0:53]-[C;H0;D3;+0:52](-[C:50](-[N;D1;H2:51])=[O;D1;H0:49])=[CH;D2;+0:57]-1).([#8:107]-[C:106]-[N;H0;D3;+0:104]1-[CH;D2;+0:103]=[CH;D2;+0:102]-[CH2;D2;+0:101]-[C;H0;D3;+0:100](-[C:98](-[N;D1;H2:99])=[O;D1;H0:97])=[CH;D2;+0:105]-1).([#1;H0;D0;+1]).([#1;H0;D0;+1])	1	15990
([O;H0;D1;+0:1]=[c;H0;D3;+0:2]1:[c:3]:[c:4]:[#7;a:5]:[c:6]:[nH;D2;+0:8]:1).([NH4+;D0:18])>>([NH2;D1;+0:18]-[c;H0;D3;+0:2]1:[c:3]:[c:4]:[#7;a:5]:[c:6]:[n;H0;D2;+0:8]:1).([OH2;D0;+0:1]).([#1;H0;D0;+1])	1	16071
([NH2;D1;+0:5]-[c;H0;D3;+0:4]1:[c:6]:[c:7]:[#7;a:8]:[c:2]:[n;H0;D2;+0:3]:1).([OH2;D0;+0:18])>>([O;H0;D1;+0:18]=[c;H0;D3;+0:4]1:[c:6]:[c:7]:[#7;a:8]:[c:2]:[nH;D2;+0:3]:1).([NH4+;D0:5])	1	16070
([CH2;D1;+0:16]=[C;H0;D3;+0:4](-[O;H0;D2;+0:5]-[C@@H;D3;+0:6]1-[CH;D2;+0:7]=[C;H0;D3;+0:8](-[C:13](-[O;-;D1;H0:15])=[O;D1;H0:14])-[CH;D2;+0:9]=[CH;D2;+0:10]-[C@H;D3;+0:11]-1-[NH3+;D1:12])-[C:2](-[O;-;D1;H0:3])=[O;D1;H0:1])>>([NH2;D1;+0:12]-[c;H0;D3;+0:11]1:[cH;D2;+0:10]:[cH;D2;+0:9]:[c;H0;D3;+0:8](-[C:13](-[O;-;D1;H0:15])=[O;D1;H0:14]):[cH;D2;+0:7]:[cH;D2;+0:6]:1).([CH3;D1;+0:16]-[C;H0;D3;+0:4](=[O;H0;D1;+0:5])-[C:2](-[O;-;D1;H0:3])=[O;D1;H0:1]).([#1;H0;D0;+1])	1	16202
([NH2;D1;+0:8]-[c;H0;D3;+0:7]1:[cH;D2;+0:6]:[cH;D2;+0:5]:[c;H0;D3;+0:4](-[C:2](-[O;-;D1;H0:3])=[O;D1;H0:1]):[cH;D2;+0:10]:[cH;D2;+0:9]:1).([CH3;D1;+0:16]-[C;H0;D3;+0:14](=[O;H0;D1;+0:15])-[C:12](-[O;-;D1;H0:13])=[O;D1;H0:11])>>([CH2;D1;+0:16]=[C;H0;D3;+0:14](-[O;H0;D2;+0:15]-[C@@H;D3;+0:6]1-[CH;D2;+0:5]=[C;H0;D3;+0:4](-[C:2](-[O;-;D1;H0:3])=[O;D1;H0:1])-[CH;D2;+0:10]=[CH;D2;+0:9]-[C@H;D3;+0:7]-1-[NH3+;D1:8])-[C:12](-[O;-;D1;H0:13])=[O;D1;H0:11])	1	16203
([O-;H0;D1:3]-[C;H0;D3;+0:2](=[O;D1;H0:1])-[C;H0;D3;+0:4](-[O;-;D1;H0:6])=[O;D1;H0:5])>>([O;-;D1;H0:6]-[CH;D2;+0:4]=[O;D1;H0:5]).([O;D1;H0:1]=[C;H0;D2;+0:2]=[O;H0;D1;+0:3])	1	16510
([O;-;D1;H0:1]-[CH;D2;+0:2]=[O;D1;H0:3]).([O;D1;H0:6]=[C;H0;D2;+0:5]=[O;H0;D1;+0:4])>>([O-;H0;D1:4]-[C;H0;D3;+0:5](=[O;D1;H0:6])-[C;H0;D3;+0:2](-[O;-;D1;H0:1])=[O;D1;H0:3]).([#1;H0;D0;+1])	1	16511
([#16:4]-[CH;D2;+0:2]=[O;D1;H0:3]).([O;-;D1;H0:53]-[C;H0;D3;+0:52](=[O;D1;H0:51])-[C;H0;D3;+0:54](-[O;-;D1;H0:56])=[O;D1;H0:55])>>([#16:4]-[C;H0;D3;+0:2](=[O;D1;H0:3])-[C;H0;D3;+0:52](-[O;-;D1;H0:53])=[O;D1;H0:51]).([O;-;D1;H0:56]-[CH;D2;+0:54]=[O;D1;H0:55])	1	16546
([#16:6]-[C;H0;D3;+0:4](=[O;D1;H0:5])-[C;H0;D3;+0:2](-[O;-;D1;H0:3])=[O;D1;H0:1]).([O;-;D1;H0:54]-[CH;D2;+0:55]=[O;D1;H0:56])>>([#16:6]-[CH;D2;+0:4]=[O;D1;H0:5]).([O;-;D1;H0:3]-[C;H0;D3;+0:2](=[O;D1;H0:1])-[C;H0;D3;+0:55](-[O;-;D1;H0:54])=[O;D1;H0:56])	1	16547
([#8:11]-[C:10]-[N;H0;D3;+0:6]1-[CH;D2;+0:5]=[C;H0;D3;+0:4](-[C:2](-[N;D1;H2:3])=[O;D1;H0:1])-[CH2;D2;+0:9]-[CH;D2;+0:8]=[CH;D2;+0:7]-1).([O;H0;D1;+0:53]=[c;H0;D3;+0:52]1:[nH;D2;+0:51]:[c;H0;D3;+0:50]2:[c:48]:[#7;a:47]:[c:46]:[#7;a:56]:[c;H0;D3;+0:55]:2:[nH;D2;+0:54]:1)>>([#8:11]-[C:10]-[n+;H0;D3:6]1:[cH;D2;+0:5]:[c;H0;D3;+0:4](-[C:2](-[N;D1;H2:3])=[O;D1;H0:1]):[cH;D2;+0:9]:[cH;D2;+0:8]:[cH;D2;+0:7]:1).([#7;a:47]1:[c:46]:[#7;a:56]:[c;H0;D3;+0:55]2:[nH;D2;+0:51]:[cH;D2;+0:52]:[n;H0;D2;+0:54]:[c;H0;D3;+0:50]:2:[c:48]:1).([OH2;D0;+0:53])	1	16671
([#8:11]-[C:10]-[n+;H0;D3:8]1:[cH;D2;+0:7]:[cH;D2;+0:6]:[cH;D2;+0:5]:[c;H0;D3;+0:4](-[C:2](-[N;D1;H2:3])=[O;D1;H0:1]):[cH;D2;+0:9]:1).([#7;a:47]1:[c:46]:[#7;a:55]:[c;H0;D3;+0:54]2:[nH;D2;+0:53]:[cH;D2;+0:52]:[n;H0;D2;+0:51]:[c;H0;D3;+0:50]:2:[c:48]:1).([OH2;D0;+0:56])>>([#8:11]-[C:10]-[N;H0;D3;+0:8]1-[CH;D2;+0:7]=[CH;D2;+0:6]-[CH2;D2;+0:5]-[C;H0;D3;+0:4](-[C:2](-[N;D1;H2:3])=[O;D1;H0:1])=[CH;D2;+0:9]-1).([O;H0;D1;+0:56]=[c;H0;D3;+0:52]1:[nH;D2;+0:51]:[c;H0;D3;+0:54]2:[#7;a:55]:[c:46]:[#7;a:47]:[c:48]:[c;H0;D3;+0:50]:2:[nH;D2;+0:53]:1).([#1;H0;D0;+1])	1	16670
([O;-;D1;H0:3]-[C:2](=[O;D1;H0:1])-[CH2;D2;+0:4]-[C:5]-[C:6](-[O;-;D1;H0:8])=[O;D1;H0:7]).([C;D1;H3:14]-[C;H0;D3;+0:12](=[O;H0;D1;+0:13])-[C:10](-[O;-;D1;H0:11])=[O;D1;H0:9])>>([C;D1;H3:14]-[C@;H0;D4;+0:12](-[OH;D1;+0:13])(-[C:10](-[O;-;D1;H0:11])=[O;D1;H0:9])-[C@H;D3;+0:4](-[C:5]-[C:6](-[O;-;D1;H0:8])=[O;D1;H0:7])-[C:2](-[O;-;D1;H0:3])=[O;D1;H0:1])	1	16811
([C;D1;H3:14]-[C@;H0;D4;+0:9](-[OH;D1;+0:10])(-[C:11](-[O;-;D1;H0:13])=[O;D1;H0:12])-[C@H;D3;+0:5](-[C:4]-[C:2](-[O;-;D1;H0:3])=[O;D1;H0:1])-[C:6](-[O;-;D1;H0:8])=[O;D1;H0:7])>>([O;-;D1;H0:3]-[C:2](=[O;D1;H0:1])-[C:4]-[CH2;D2;+0:5]-[C:6](-[O;-;D1;H0:8])=[O;D1;H0:7]).([C;D1;H3:14]-[C;H0;D3;+0:9](=[O;H0;D1;+0:10])-[C:11](-[O;-;D1;H0:13])=[O;D1;H0:12])	1	16810
([C:5]-[SH;D1;+0:6]).([O-;H0;D1:61]-[C;H0;D3;+0:59](=[O;D1;H0:60])-[CH2;D2;+0:58]-[C;H0;D4;+0:53](-[OH;D1;+0:54])(-[C:52]-[C:50](-[O;-;D1;H0:51])=[O;D1;H0:49])-[C:55](-[O;-;D1;H0:57])=[O;D1;H0:56])>>([C:5]-[S;H0;D2;+0:6]-[C;H0;D3;+0:59](-[CH3;D1;+0:58])=[O;D1;H0:60]).([O;-;D1;H0:51]-[C:50](=[O;D1;H0:49])-[C:52]-[C;H0;D3;+0:53](=[O;H0;D1;+0:54])-[C:55](-[O;-;D1;H0:57])=[O;D1;H0:56]).([OH2;D0;+0:61])	1	16847
([C:4]-[S;H0;D2;+0:3]-[C;H0;D3;+0:2](-[CH3;D1;+0:51])=[O;D1;H0:1]).([O;-;D1;H0:54]-[C:53](=[O;D1;H0:52])-[C;H0;D3;+0:55](=[O;H0;D1;+0:56])-[C:57]-[C:58](-[O;-;D1;H0:60])=[O;D1;H0:59]).([OH2;D0;+0:61])>>([C:4]-[SH;D1;+0:3]).([O-;H0;D1:61]-[C;H0;D3;+0:2](=[O;D1;H0:1])-[CH2;D2;+0:51]-[C;H0;D4;+0:55](-[OH;D1;+0:56])(-[C:57]-[C:58](-[O;-;D1;H0:60])=[O;D1;H0:59])-[C:53](-[O;-;D1;H0:54])=[O;D1;H0:52]).([#1;H0;D0;+1])	1	16846
([#7;a:12]:[c:13]:[c:14](:[#7;a:15])-[NH2;D1;+0:19].[#8:8]-[C:7]-[C@H;D3;+0:22](-[C:20])-[O;D1;H1:23]).([O;-;D1;H0:26]-[C:25](=[O;D1;H0:24])/[CH;D2;+0:27]=[CH;D2;+0:28]/[C:29](-[O;-;D1;H0:31])=[O;D1;H0:30])>>([#7;a:12]:[c:13]:[c:14](:[#7;a:15])-[NH;D2;+0:19]-[CH;D3;+0:27](-[CH2;D2;+0:28]-[C:29](-[O;-;D1;H0:31])=[O;D1;H0:30])-[C:25](-[O;-;D1;H0:26])=[O;D1;H0:24].[#8:8]-[C:7]-[C@@H;D3;+0:22](-[C:20])-[O;D1;H1:23])	1	16855
([#7;a:13]:[c:12]:[c:7](:[#7;a:8])-[NH;D2;+0:6]-[CH;D3;+0:5](-[CH2;D2;+0:4]-[C:2](-[O;-;D1;H0:3])=[O;D1;H0:1])-[C:29](-[O;-;D1;H0:31])=[O;D1;H0:30])>>([#7;a:13]:[c:12]:[c:7](:[#7;a:8])-[NH2;D1;+0:6]).([O;-;D1;H0:31]-[C:29](=[O;D1;H0:30])/[CH;D2;+0:5]=[CH;D2;+0:4]/[C:2](-[O;-;D1;H0:3])=[O;D1;H0:1])	1	16854
([C:6]-[C;H0;D3;+0:4](=[O;H0;D1;+0:5])-[C:2](-[O;-;D1;H0:3])=[O;D1;H0:1]).([C:35]-[C@@H;D3;+0:36](-[C:38])-[NH3+;D1:37])>>([C:6]-[C@H;D3;+0:4](-[NH3+;D1:37])-[C:2](-[O;-;D1;H0:3])=[O;D1;H0:1]).([C:35]-[C;H0;D3;+0:36](-[C:38])=[O;H0;D1;+0:5])	1	16863
([C:6]-[C@H;D3;+0:4](-[NH3+;D1:5])-[C:2](-[O;-;D1;H0:3])=[O;D1;H0:1]).([C:35]-[C;H0;D3;+0:36](-[C:38])=[O;H0;D1;+0:37])>>([C:6]-[C;H0;D3;+0:4](=[O;H0;D1;+0:37])-[C:2](-[O;-;D1;H0:3])=[O;D1;H0:1]).([C:35]-[C@@H;D3;+0:36](-[C:38])-[NH3+;D1:5])	1	16862
([O;-;D1;H0:1]-[S;H0;D4;+0:3](=[O;D1;H0:4])(=[O;H0;D1;+0:5])-[SH;D1;+0:2]).([CH;D1;+0:7]#[N;D1;H0:6])>>([O-;H0;D1:5]-[S;H0;D3;+0:3](-[O;-;D1;H0:1])=[O;D1;H0:4]).([N;D1;H0:6]#[C;H0;D2;+0:7]-[S-;H0;D1:2]).([#1;H0;D0;+1]).([#1;H0;D0;+1])	1	16882
([O-;H0;D1:4]-[S;H0;D3;+0:2](-[O;-;D1;H0:3])=[O;D1;H0:1]).([N;D1;H0:5]#[C;H0;D2;+0:6]-[S-;H0;D1:7])>>([O;-;D1;H0:3]-[S;H0;D4;+0:2](=[O;D1;H0:1])(=[O;H0;D1;+0:4])-[SH;D1;+0:7]).([CH;D1;+0:6]#[N;D1;H0:5])	1	16883
([O;-;D1;H0:3]-[C:2](=[O;D1;H0:1])-[C;H0;D3;+0:4](=[O;H0;D1;+0:5])-[CH2;D2;+0:6]-[P;H0;D4;+0:7](-[O;-;D1;H0:9])(=[O;D1;H0:8])-[OH;D1;+0:10])>>([CH2;D1;+0:6]=[C;H0;D3;+0:4](-[O;H0;D2;+0:5]-[P;H0;D4;+0:7](-[O-;H0;D1:10])(-[O;-;D1;H0:9])=[O;D1;H0:8])-[C:2](-[O;-;D1;H0:3])=[O;D1;H0:1]).([#1;H0;D0;+1])	1	17015
([CH2;D1;+0:10]=[C;H0;D3;+0:4](-[O;H0;D2;+0:5]-[P;H0;D4;+0:6](-[O-;H0;D1:8])(-[O;-;D1;H0:9])=[O;D1;H0:7])-[C:2](-[O;-;D1;H0:3])=[O;D1;H0:1])>>([O;-;D1;H0:3]-[C:2](=[O;D1;H0:1])-[C;H0;D3;+0:4](=[O;H0;D1;+0:5])-[CH2;D2;+0:10]-[P;H0;D4;+0:6](-[O;-;D1;H0:9])(=[O;D1;H0:7])-[OH;D1;+0:8])	1	17014
([#7;a:3]:[c:2]:[c:7]1:[n;H0;D2;+0:8]:[cH;D2;+0:9]:[n;H0;D3;+0:10](-[C@@H;D3;+0:11]2-[O;H0;D2;+0:12]-[C:13]-[C@@H;D3;+0:28](-[O;D1;H1:29])-[C@H;D3;+0:30]-2-[OH;D1;+0:31]):[c:6]:1:[#7;a:5]).([OH2;D0;+0:33])>>([#7;a:3]:[c:2]:[c:7]1:[c:6](:[#7;a:5])-[NH;D2;+0:10]-[CH2;D2;+0:11]-[C;H0;D3;+0:30](-[C@H;D3;+0:28](-[O;D1;H1:29])-[C:13]-[OH;D1;+0:12])=[N;H0;D2;+0:8]-1).([O-;H0;D1:33]-[CH;D2;+0:9]=[O;H0;D1;+0:31]).([#1;H0;D0;+1])	1	17474
([#7;a:3]:[c:2]:[c:11]1:[c:6](:[#7;a:5])-[NH;D2;+0:7]-[CH2;D2;+0:8]-[C;H0;D3;+0:9](-[C@H;D3;+0:12](-[O;D1;H1:13])-[C:14]-[OH;D1;+0:15])=[N;H0;D2;+0:10]-1).([O-;H0;D1:31]-[CH;D2;+0:32]=[O;H0;D1;+0:33])>>([#7;a:3]:[c:2]:[c:11]1:[n;H0;D2;+0:10]:[cH;D2;+0:32]:[n;H0;D3;+0:7](-[C@@H;D3;+0:8]2-[O;H0;D2;+0:15]-[C:14]-[C@@H;D3;+0:12](-[O;D1;H1:13])-[C@H;D3;+0:9]-2-[OH;D1;+0:33]):[c:6]:1:[#7;a:5]).([OH2;D0;+0:31])	1	17475
([#15:7]-[O;H0;D2;+0:6]-[CH2;D2;+0:5]-[C:2](=[O;D1;H0:1])-[CH2;D2;+0:3]-[OH;D1;+0:4])>>([CH3;D1;+0:5]-[C:2](=[O;D1;H0:1])-[CH;D2;+0:3]=[O;H0;D1;+0:4]).([#15:7]-[OH;D1;+0:6])	1	17938
([CH3;D1;+0:1]-[C:4](=[O;D1;H0:5])-[CH;D2;+0:2]=[O;H0;D1;+0:3]).([#15:7]-[OH;D1;+0:10])>>([#15:7]-[O;H0;D2;+0:10]-[CH2;D2;+0:1]-[C:4](=[O;D1;H0:5])-[CH2;D2;+0:2]-[OH;D1;+0:3])	1	17939
([#15:6]-[O;H0;D2;+0:9]-[CH2;D2;+0:10]/[CH;D2;+0:11]=[C;H0;D3;+0:12](\[C;D1;H3:13])-[C:14]-[C:15]/[CH;D2;+0:16]=[C;H0;D3;+0:17](\[C;D1;H3:18])-[CH2;D2;+0:19]-[CH2;D2;+0:20]-[CH;D2;+0:21]=[C;H0;D3;+0:22](-[C;D1;H3:23])-[C;D1;H3:24])>>([C;D1;H3:13]-[C@@H;D3;+0:12]1-[C:14]-[C:15]-[C@H;D3;+0:16]2-[C;H0;D3;+0:17](-[C;D1;H3:18])=[CH;D2;+0:19]-[C@@H;D3;+0:20]3-[CH2;D2;+0:21]-[C;H0;D4;+0:22](-[C;D1;H3:23])(-[C;D1;H3:24])-[CH2;D2;+0:10]-[C@@;H0;D4;+0:11]-1-3-2).([#15:6]-[OH;D1;+0:9])	1	18082
([C;D1;H3:11]-[C@@H;D3;+0:10]1-[C:9]-[C:8]-[C@H;D3;+0:7]2-[C;H0;D3;+0:4](-[C;D1;H3:5])=[CH;D2;+0:3]-[C@@H;D3;+0:2]3-[CH2;D2;+0:6]-[C;H0;D4;+0:14](-[C;D1;H3:15])(-[C;D1;H3:1])-[CH2;D2;+0:13]-[C@@;H0;D4;+0:12]-1-3-2).([#15:21]-[OH;D1;+0:24])>>([#15:21]-[O;H0;D2;+0:24]-[CH2;D2;+0:13]/[CH;D2;+0:12]=[C;H0;D3;+0:10](\[C;D1;H3:11])-[C:9]-[C:8]/[CH;D2;+0:7]=[C;H0;D3;+0:4](\[C;D1;H3:5])-[CH2;D2;+0:3]-[CH2;D2;+0:2]-[CH;D2;+0:6]=[C;H0;D3;+0:14](-[C;D1;H3:15])-[C;D1;H3:1])	1	18083
([#8:4]-[P;H0;D4;+0:2](-[O;-;D1;H0:3])(=[O;D1;H0:1])-[O;H0;D2;+0:23]-[#16:24]-[O;-;D1;H0:27]).([#15:33]-[OH;D1;+0:36])>>([#15:33]-[O;H0;D2;+0:36]-[P;H0;D4;+0:2](-[#8:4])(-[O;-;D1;H0:3])=[O;D1;H0:1]).([O-;H0;D1:23]-[#16:24]-[O;-;D1;H0:27]).([#1;H0;D0;+1])	1	18135
([#15:6]-[O;H0;D2;+0:9]-[P;H0;D4;+0:10](-[#8:13])(-[O;-;D1;H0:12])=[O;D1;H0:11]).([O-;H0;D1:35]-[#16:33]-[O;-;D1;H0:36])>>([#8:13]-[P;H0;D4;+0:10](-[O;-;D1;H0:12])(=[O;D1;H0:11])-[O;H0;D2;+0:35]-[#16:33]-[O;-;D1;H0:36]).([#15:6]-[OH;D1;+0:9])	1	18134
([C:4]-[S;H0;D2;+0:3]-[C;H0;D3;+0:2](-[CH3;D1;+0:51])=[O;D1;H0:1]).([O;-;D1;H0:52]-[C:55](=[O;D1;H0:56])-[CH;D2;+0:53]=[O;H0;D1;+0:54]).([OH2;D0;+0:57])>>([C:4]-[SH;D1;+0:3]).([O-;H0;D1:57]-[C;H0;D3;+0:2](=[O;D1;H0:1])-[CH2;D2;+0:51]-[C@H;D3;+0:53](-[OH;D1;+0:54])-[C:55](-[O;-;D1;H0:52])=[O;D1;H0:56]).([#1;H0;D0;+1])	1	18182
([C:5]-[SH;D1;+0:6]).([O-;H0;D1:51]-[C;H0;D3;+0:50](=[O;D1;H0:49])-[CH2;D2;+0:52]-[C@H;D3;+0:53](-[OH;D1;+0:54])-[C:55](-[O;-;D1;H0:57])=[O;D1;H0:56])>>([C:5]-[S;H0;D2;+0:6]-[C;H0;D3;+0:50](-[CH3;D1;+0:52])=[O;D1;H0:49]).([O;-;D1;H0:57]-[C:55](=[O;D1;H0:56])-[CH;D2;+0:53]=[O;H0;D1;+0:54]).([OH2;D0;+0:51])	1	18183
([#8:11]-[C:10]-[n+;H0;D3:8]1:[cH;D2;+0:7]:[cH;D2;+0:6]:[cH;D2;+0:5]:[c;H0;D3;+0:4](-[C:2](-[N;D1;H2:3])=[O;D1;H0:1]):[cH;D2;+0:9]:1).([O-;H0;D1:51]-[C;H0;D3;+0:50](=[O;D1;H0:49])-[CH2;D2;+0:52]-[C@H;D3;+0:53](-[OH;D1;+0:54])-[C:55](-[O;-;D1;H0:57])=[O;D1;H0:56])>>([#8:11]-[C:10]-[N;H0;D3;+0:8]1-[CH;D2;+0:7]=[CH;D2;+0:6]-[CH2;D2;+0:5]-[C;H0;D3;+0:4](-[C:2](-[N;D1;H2:3])=[O;D1;H0:1])=[CH;D2;+0:9]-1).([CH3;D1;+0:52]-[C;H0;D3;+0:53](=[O;H0;D1;+0:54])-[C:55](-[O;-;D1;H0:57])=[O;D1;H0:56]).([O;D1;H0:49]=[C;H0;D2;+0:50]=[O;H0;D1;+0:51])	1	18254
([#8:11]-[C:10]-[N;H0;D3;+0:6]1-[CH;D2;+0:5]=[C;H0;D3;+0:4](-[C:2](-[N;D1;H2:3])=[O;D1;H0:1])-[CH2;D2;+0:9]-[CH;D2;+0:8]=[CH;D2;+0:7]-1).([CH3;D1;+0:54]-[C;H0;D3;+0:52](=[O;H0;D1;+0:53])-[C:50](-[O;-;D1;H0:51])=[O;D1;H0:49]).([O;D1;H0:57]=[C;H0;D2;+0:56]=[O;H0;D1;+0:55])>>([#8:11]-[C:10]-[n+;H0;D3:6]1:[cH;D2;+0:5]:[c;H0;D3;+0:4](-[C:2](-[N;D1;H2:3])=[O;D1;H0:1]):[cH;D2;+0:9]:[cH;D2;+0:8]:[cH;D2;+0:7]:1).([O-;H0;D1:55]-[C;H0;D3;+0:56](=[O;D1;H0:57])-[CH2;D2;+0:54]-[C@H;D3;+0:52](-[OH;D1;+0:53])-[C:50](-[O;-;D1;H0:51])=[O;D1;H0:49])	1	18255
([#8:11]-[C:10]-[N;H0;D3;+0:6]1-[CH;D2;+0:5]=[C;H0;D3;+0:4](-[C:2](-[N;D1;H2:3])=[O;D1;H0:1])-[CH2;D2;+0:9]-[CH;D2;+0:8]=[CH;D2;+0:7]-1).([C;D1;H3:50]-[C;H0;D3;+0:48](=[O;H0;D1;+0:49])-[C:46](-[O;-;D1;H0:47])=[O;D1;H0:45]).([NH4+;D0:51])>>([#8:11]-[C:10]-[n+;H0;D3:6]1:[cH;D2;+0:5]:[c;H0;D3;+0:4](-[C:2](-[N;D1;H2:3])=[O;D1;H0:1]):[cH;D2;+0:9]:[cH;D2;+0:8]:[cH;D2;+0:7]:1).([C;D1;H3:50]-[C@H;D3;+0:48](-[NH3+;D1:51])-[C:46](-[O;-;D1;H0:47])=[O;D1;H0:45]).([OH2;D0;+0:49])	1	18407
([#8:11]-[C:10]-[n+;H0;D3:8]1:[cH;D2;+0:7]:[cH;D2;+0:6]:[cH;D2;+0:5]:[c;H0;D3;+0:4](-[C:2](-[N;D1;H2:3])=[O;D1;H0:1]):[cH;D2;+0:9]:1).([C;D1;H3:49]-[C@H;D3;+0:48](-[NH3+;D1:50])-[C:46](-[O;-;D1;H0:47])=[O;D1;H0:45]).([OH2;D0;+0:51])>>([#8:11]-[C:10]-[N;H0;D3;+0:8]1-[CH;D2;+0:7]=[CH;D2;+0:6]-[CH2;D2;+0:5]-[C;H0;D3;+0:4](-[C:2](-[N;D1;H2:3])=[O;D1;H0:1])=[CH;D2;+0:9]-1).([C;D1;H3:49]-[C;H0;D3;+0:48](=[O;H0;D1;+0:51])-[C:46](-[O;-;D1;H0:47])=[O;D1;H0:45]).([NH4+;D0:50]).([#1;H0;D0;+1])	1	18406
([C:6]-[C@@H;D3;+0:4](-[OH;D1;+0:5])-[CH;D2;+0:2]=[O;H0;D1;+0:3])>>([C:6]-[C;H0;D3;+0:4](=[O;H0;D1;+0:5])-[CH2;D2;+0:2]-[OH;D1;+0:3])	1	18586
([C:5]-[C;H0;D3;+0:2](=[O;H0;D1;+0:1])-[CH2;D2;+0:3]-[OH;D1;+0:4])>>([C:5]-[C@@H;D3;+0:2](-[OH;D1;+0:1])-[CH;D2;+0:3]=[O;H0;D1;+0:4])	1	18587
([#15:6]-[O;H0;D2;+0:5]-[P;H0;D4;+0:2](-[O;-;D1;H0:3])(-[O;-;D1;H0:4])=[O;D1;H0:1]).([O-;H0;D1:40]-[C;H0;D3;+0:38](=[O;D1;H0:39])-[CH2;D2;+0:37]-[C;H0;D3;+0:35](=[O;H0;D1;+0:36])-[C:33](-[O;-;D1;H0:34])=[O;D1;H0:32])>>([#15:6]-[O-;H0;D1:5]).([CH2;D1;+0:37]=[C;H0;D3;+0:35](-[O;H0;D2;+0:36]-[P;H0;D4;+0:2](-[O;-;D1;H0:3])(-[O;-;D1;H0:4])=[O;D1;H0:1])-[C:33](-[O;-;D1;H0:34])=[O;D1;H0:32]).([O;D1;H0:39]=[C;H0;D2;+0:38]=[O;H0;D1;+0:40])	1	18618
([#15:2]-[O-;H0;D1:3]).([CH2;D1;+0:37]=[C;H0;D3;+0:31](-[O;H0;D2;+0:32]-[P;H0;D4;+0:33](-[O;-;D1;H0:35])(-[O;-;D1;H0:36])=[O;D1;H0:34])-[C:29](-[O;-;D1;H0:30])=[O;D1;H0:28]).([O;D1;H0:40]=[C;H0;D2;+0:39]=[O;H0;D1;+0:38])>>([#15:2]-[O;H0;D2;+0:3]-[P;H0;D4;+0:33](-[O;-;D1;H0:35])(-[O;-;D1;H0:36])=[O;D1;H0:34]).([O-;H0;D1:38]-[C;H0;D3;+0:39](=[O;D1;H0:40])-[CH2;D2;+0:37]-[C;H0;D3;+0:31](=[O;H0;D1;+0:32])-[C:29](-[O;-;D1;H0:30])=[O;D1;H0:28])	1	18619
([O;-;D1;H0:7]-[P;H0;D4;+0:5](=[O;D1;H0:6])(-[OH;D1;+0:1])-[CH2;D2;+0:4]-[C:2]=[O;D1;H0:3]).([OH2;D0;+0:8])>>([O-;H0;D1:1]-[P;H0;D4;+0:5](-[O;-;D1;H0:7])(=[O;D1;H0:6])-[OH;D1;+0:8]).([CH3;D1;+0:4]-[C:2]=[O;D1;H0:3]).([#1;H0;D0;+1])	1	18906
([O-;H0;D1:3]-[P;H0;D4;+0:2](-[O;-;D1;H0:4])(=[O;D1;H0:1])-[OH;D1;+0:5]).([CH3;D1;+0:6]-[C:7]=[O;D1;H0:8])>>([O;-;D1;H0:4]-[P;H0;D4;+0:2](=[O;D1;H0:1])(-[OH;D1;+0:3])-[CH2;D2;+0:6]-[C:7]=[O;D1;H0:8]).([OH2;D0;+0:5])	1	18907
([#7;a:42]:[c:43]-[CH2;D2;+0:55]-[OH;D1;+0:56].[#7;a:8]:[cH;D2;+0:7]:[c:6].[C:16]-[CH2;D2;+0:17]-[C;H0;D3;+0:18](-[O;-;D1;H0:20])=[O;D1;H0:19].[C:21]-[C;H0;D3;+0:22](-[O-;H0;D1:24])=[O;H0;D1;+0:23])>>([#7;a:42]:[c:43]-[CH2;D2;+0:55]-[c;H0;D3;+0:7](:[#7;a:8]):[c:6].[C:16]-[C;H0;D3;+0:17](-[O-;H0;D1:24])=[O;H0;D1;+0:23].[C:21]-[CH2;D2;+0:22]-[C;H0;D3;+0:18](-[O;-;D1;H0:20])=[O;D1;H0:19]).([OH2;D0;+0:56])	1	18966
([#7;a:17]:[c:16]-[CH2;D2;+0:15]-[c;H0;D3;+0:8](:[#7;a:7]):[c:9].[C:51]-[CH2;D2;+0:52]-[C;H0;D3;+0:53](-[O;-;D1;H0:55])=[O;D1;H0:54].[C:56]-[C;H0;D3;+0:57](-[O-;H0;D1:59])=[O;H0;D1;+0:58]).([OH2;D0;+0:61])>>([#7;a:17]:[c:16]-[CH2;D2;+0:15]-[OH;D1;+0:61].[#7;a:7]:[cH;D2;+0:8]:[c:9].[C:51]-[C;H0;D3;+0:52](-[O-;H0;D1:59])=[O;H0;D1;+0:58].[C:56]-[CH2;D2;+0:57]-[C;H0;D3;+0:53](-[O;-;D1;H0:55])=[O;D1;H0:54])	1	18967
([C;D1;H2:16]=[C:4]-[#8:5]-[C@H;D3;+0:6]1-[CH;D2;+0:7]=[CH;D2;+0:8]-[CH;D2;+0:9]=[C;H0;D3;+0:10](-[C:11](-[O;-;D1;H0:13])=[O;D1;H0:12])-[C@@H;D3;+0:14]-1-[OH;D1;+0:15])>>([C;D1;H2:16]=[C:4]-[#8:5]-[C@@H;D3;+0:6]1-[CH;D2;+0:14]=[C;H0;D3;+0:10](-[C:11](-[O;-;D1;H0:13])=[O;D1;H0:12])-[CH;D2;+0:9]=[CH;D2;+0:8]-[C@H;D3;+0:7]-1-[OH;D1;+0:15])	1	18987
([O;-;D1;H0:15]-[C:13](=[O;D1;H0:14])-[C;H0;D3;+0:8]1=[CH;D2;+0:7]-[C:6]-[C@H;D3;+0:11](-[OH;D1;+0:12])-[CH;D2;+0:10]=[CH;D2;+0:9]-1)>>([O;-;D1;H0:15]-[C:13](=[O;D1;H0:14])-[C;H0;D3;+0:8]1=[CH;D2;+0:9]-[CH;D2;+0:10]=[CH;D2;+0:11]-[C:6]-[C@H;D3;+0:7]-1-[OH;D1;+0:12])	1	18986
([C:19]-[S;H0;D2;+0:20]-[C;H0;D3;+0:21](=[O;D1;H0:22])-[C@@H;D3;+0:23](-[C;D1;H3:25])-[OH;D1;+0:24])>>([C:19]-[SH;D1;+0:20]).([C;D1;H3:25]-[C;H0;D3;+0:23](=[O;H0;D1;+0:24])-[CH;D2;+0:21]=[O;D1;H0:22])	1	19070
([C:19]-[SH;D1;+0:20]).([C;D1;H3:21]-[C;H0;D3;+0:24](=[O;H0;D1;+0:25])-[CH;D2;+0:22]=[O;D1;H0:23])>>([C:19]-[S;H0;D2;+0:20]-[C;H0;D3;+0:22](=[O;D1;H0:23])-[C@@H;D3;+0:24](-[C;D1;H3:21])-[OH;D1;+0:25])	1	19071
([NH3+;D1:5]-[C@@H;D3;+0:4](-[CH2;D2;+0:6]-[OH;D1;+0:7])-[C:2](-[O;-;D1;H0:3])=[O;D1;H0:1])>>([CH3;D1;+0:6]-[C;H0;D3;+0:4](=[O;H0;D1;+0:7])-[C:2](-[O;-;D1;H0:3])=[O;D1;H0:1]).([NH4+;D0:5])	1	19170
([CH3;D1;+0:6]-[C;H0;D3;+0:4](=[O;H0;D1;+0:5])-[C:2](-[O;-;D1;H0:3])=[O;D1;H0:1]).([NH4+;D0:7])>>([NH3+;D1:7]-[C@@H;D3;+0:4](-[CH2;D2;+0:6]-[OH;D1;+0:5])-[C:2](-[O;-;D1;H0:3])=[O;D1;H0:1])	1	19171
([#8:11]-[C:10]-[N;H0;D3;+0:6]1-[CH;D2;+0:5]=[C;H0;D3;+0:4](-[C:2](-[N;D1;H2:3])=[O;D1;H0:1])-[CH2;D2;+0:9]-[CH;D2;+0:8]=[CH;D2;+0:7]-1).([c:53]:[cH;D2;+0:54]:[c:55]).([O;H0;D1;+0:59]=[O;H0;D1;+0:60])>>([#8:11]-[C:10]-[n+;H0;D3:6]1:[cH;D2;+0:5]:[c;H0;D3;+0:4](-[C:2](-[N;D1;H2:3])=[O;D1;H0:1]):[cH;D2;+0:9]:[cH;D2;+0:8]:[cH;D2;+0:7]:1).([OH;D1;+0:59]-[c;H0;D3;+0:54](:[c:53]):[c:55]).([OH2;D0;+0:60])	1	19478
([#8:11]-[C:10]-[n+;H0;D3:8]1:[cH;D2;+0:7]:[cH;D2;+0:6]:[cH;D2;+0:5]:[c;H0;D3;+0:4](-[C:2](-[N;D1;H2:3])=[O;D1;H0:1]):[cH;D2;+0:9]:1).([OH;D1;+0:58]-[c;H0;D3;+0:57](:[c:55]):[c:59]).([OH2;D0;+0:60])>>([#8:11]-[C:10]-[N;H0;D3;+0:8]1-[CH;D2;+0:7]=[CH;D2;+0:6]-[CH2;D2;+0:5]-[C;H0;D3;+0:4](-[C:2](-[N;D1;H2:3])=[O;D1;H0:1])=[CH;D2;+0:9]-1).([c:55]:[cH;D2;+0:57]:[c:59]).([O;H0;D1;+0:58]=[O;H0;D1;+0:60]).([#1;H0;D0;+1])	1	19479
([#8:11]-[C:10]-[N;H0;D3;+0:6]1-[CH;D2;+0:5]=[C;H0;D3;+0:4](-[C:2](-[N;D1;H2:3])=[O;D1;H0:1])-[CH2;D2;+0:9]-[CH;D2;+0:8]=[CH;D2;+0:7]-1).([#8:59]-[C:58]-[N;H0;D3;+0:54]1-[CH;D2;+0:53]=[C;H0;D3;+0:52](-[C:50](-[N;D1;H2:51])=[O;D1;H0:49])-[CH2;D2;+0:57]-[CH;D2;+0:56]=[CH;D2;+0:55]-1).([#7;a:101]:[c:102]1:[n;H0;D2;+0:103]:[cH;D2;+0:104]:[c;H0;D3;+0:105](-[C@H;D3;+0:108](-[C:110])-[O;D1;H1:109]):[n;H0;D2;+0:106]:[c:107]:1:[c:98]:[#7;a:99])>>([#8:11]-[C:10]-[n+;H0;D3:6]1:[cH;D2;+0:5]:[c;H0;D3;+0:4](-[C:2](-[N;D1;H2:3])=[O;D1;H0:1]):[cH;D2;+0:9]:[cH;D2;+0:8]:[cH;D2;+0:7]:1).([#8:59]-[C:58]-[n+;H0;D3:54]1:[cH;D2;+0:53]:[c;H0;D3;+0:52](-[C:50](-[N;D1;H2:51])=[O;D1;H0:49]):[cH;D2;+0:57]:[cH;D2;+0:56]:[cH;D2;+0:55]:1).([#7;a:101]:[c:102]1:[c:107](:[c:98]:[#7;a:99])-[NH;D2;+0:106]-[C@@H;D3;+0:105](-[C@H;D3;+0:108](-[C:110])-[O;D1;H1:109])-[CH2;D2;+0:104]-[NH;D2;+0:103]-1)	1	19511
([#8:11]-[C:10]-[n+;H0;D3:8]1:[cH;D2;+0:7]:[cH;D2;+0:6]:[cH;D2;+0:5]:[c;H0;D3;+0:4](-[C:2](-[N;D1;H2:3])=[O;D1;H0:1]):[cH;D2;+0:9]:1).([#8:59]-[C:58]-[n+;H0;D3:56]1:[cH;D2;+0:55]:[cH;D2;+0:54]:[cH;D2;+0:53]:[c;H0;D3;+0:52](-[C:50](-[N;D1;H2:51])=[O;D1;H0:49]):[cH;D2;+0:57]:1).([#7;a:103]:[c:101]:[c:100]1:[c:106](:[#7;a:105])-[NH;D2;+0:107]-[CH2;D2;+0:108]-[C@H;D3;+0:98](-[C@H;D3;+0:110](-[C:112])-[O;D1;H1:111])-[NH;D2;+0:99]-1)>>([#8:11]-[C:10]-[N;H0;D3;+0:8]1-[CH;D2;+0:7]=[CH;D2;+0:6]-[CH2;D2;+0:5]-[C;H0;D3;+0:4](-[C:2](-[N;D1;H2:3])=[O;D1;H0:1])=[CH;D2;+0:9]-1).([#8:59]-[C:58]-[N;H0;D3;+0:56]1-[CH;D2;+0:55]=[CH;D2;+0:54]-[CH2;D2;+0:53]-[C;H0;D3;+0:52](-[C:50](-[N;D1;H2:51])=[O;D1;H0:49])=[CH;D2;+0:57]-1).([#7;a:103]:[c:101]:[c:100]1:[n;H0;D2;+0:99]:[c;H0;D3;+0:98](-[C@H;D3;+0:110](-[C:112])-[O;D1;H1:111]):[cH;D2;+0:108]:[n;H0;D2;+0:107]:[c:106]:1:[#7;a:105]).([#1;H0;D0;+1]).([#1;H0;D0;+1])	1	19510
([C:8]-[NH3+;D1:9]).([#15:13]-[O;H0;D2;+0:12]-[C;H0;D3;+0:11](-[N;D1;H2:17])=[O;D1;H0:10])>>([C:8]-[NH;D2;+0:9]-[C;H0;D3;+0:11](-[N;D1;H2:17])=[O;D1;H0:10]).([#15:13]-[OH;D1;+0:12]).([#1;H0;D0;+1])	1	19514
([C:5]-[NH;D2;+0:4]-[C;H0;D3;+0:2](-[N;D1;H2:3])=[O;D1;H0:1].[C:7]-[C@H;D3;+0:8](-[N;+;D1;H3:12])-[C:9](-[O;-;D1;H0:11])=[O;D1;H0:10]).([#15:14]-[OH;D1;+0:17])>>([C:5]-[NH3+;D1:4].[C:7]-[C@H;D3;+0:8](-[N;+;D1;H3:12])-[C:9](-[O;-;D1;H0:11])=[O;D1;H0:10]).([#15:14]-[O;H0;D2;+0:17]-[C;H0;D3;+0:2](-[N;D1;H2:3])=[O;D1;H0:1])	1	19515
([#8:11]-[C:10]-[N;H0;D3;+0:6]1-[CH;D2;+0:5]=[C;H0;D3;+0:4](-[C:2](-[N;D1;H2:3])=[O;D1;H0:1])-[CH2;D2;+0:9]-[CH;D2;+0:8]=[CH;D2;+0:7]-1).([O;-;D1;H0:51]-[C:50](=[O;D1;H0:49])-[C;H0;D3;+0:52](=[O;H0;D1;+0:53])-[CH2;D2;+0:54]-[C:55]-[C:56](-[O;-;D1;H0:58])=[O;D1;H0:57]).([O;D1;H0:61]=[C;H0;D2;+0:60]=[O;H0;D1;+0:59])>>([#8:11]-[C:10]-[n+;H0;D3:6]1:[cH;D2;+0:5]:[c;H0;D3;+0:4](-[C:2](-[N;D1;H2:3])=[O;D1;H0:1]):[cH;D2;+0:9]:[cH;D2;+0:8]:[cH;D2;+0:7]:1).([O-;H0;D1:59]-[C;H0;D3;+0:60](=[O;D1;H0:61])-[C@@H;D3;+0:54](-[C:55]-[C:56](-[O;-;D1;H0:58])=[O;D1;H0:57])-[C@@H;D3;+0:52](-[OH;D1;+0:53])-[C:50](-[O;-;D1;H0:51])=[O;D1;H0:49])	1	19631
([#8:11]-[C:10]-[n+;H0;D3:8]1:[cH;D2;+0:7]:[cH;D2;+0:6]:[cH;D2;+0:5]:[c;H0;D3;+0:4](-[C:2](-[N;D1;H2:3])=[O;D1;H0:1]):[cH;D2;+0:9]:1).([O-;H0;D1:56]-[C;H0;D3;+0:54](=[O;D1;H0:55])-[C@@H;D3;+0:53](-[C:52]-[C:50](-[O;-;D1;H0:51])=[O;D1;H0:49])-[C@@H;D3;+0:57](-[OH;D1;+0:58])-[C:59](-[O;-;D1;H0:61])=[O;D1;H0:60])>>([#8:11]-[C:10]-[N;H0;D3;+0:8]1-[CH;D2;+0:7]=[CH;D2;+0:6]-[CH2;D2;+0:5]-[C;H0;D3;+0:4](-[C:2](-[N;D1;H2:3])=[O;D1;H0:1])=[CH;D2;+0:9]-1).([O;-;D1;H0:51]-[C:50](=[O;D1;H0:49])-[C:52]-[CH2;D2;+0:53]-[C;H0;D3;+0:57](=[O;H0;D1;+0:58])-[C:59](-[O;-;D1;H0:61])=[O;D1;H0:60]).([O;D1;H0:55]=[C;H0;D2;+0:54]=[O;H0;D1;+0:56])	1	19630
([#8:11]-[C:10]-[N;H0;D3;+0:6]1-[CH;D2;+0:5]=[C;H0;D3;+0:4](-[C:2](-[N;D1;H2:3])=[O;D1;H0:1])-[CH2;D2;+0:9]-[CH;D2;+0:8]=[CH;D2;+0:7]-1).([#7:51]-[CH2;D2;+0:62]-[N;H0;D3;+0:63](-[C:49])-[c:64])>>([#8:11]-[C:10]-[n+;H0;D3:6]1:[cH;D2;+0:5]:[c;H0;D3;+0:4](-[C:2](-[N;D1;H2:3])=[O;D1;H0:1]):[cH;D2;+0:9]:[cH;D2;+0:8]:[cH;D2;+0:7]:1).([#7:51]-[CH3;D1;+0:62].[C:49]-[NH;D2;+0:63]-[c:64])	1	19819
([#8:11]-[C:10]-[n+;H0;D3:8]1:[cH;D2;+0:7]:[cH;D2;+0:6]:[cH;D2;+0:5]:[c;H0;D3;+0:4](-[C:2](-[N;D1;H2:3])=[O;D1;H0:1]):[cH;D2;+0:9]:1).([#7:67]-[CH3;D1;+0:78].[C:65]-[NH;D2;+0:64]-[c:61])>>([#8:11]-[C:10]-[N;H0;D3;+0:8]1-[CH;D2;+0:7]=[CH;D2;+0:6]-[CH2;D2;+0:5]-[C;H0;D3;+0:4](-[C:2](-[N;D1;H2:3])=[O;D1;H0:1])=[CH;D2;+0:9]-1).([#7:67]-[CH2;D2;+0:78]-[N;H0;D3;+0:64](-[C:65])-[c:61]).([#1;H0;D0;+1])	1	19818
([C:10]-[S+;H0;D3:8](-[C:7])-[CH3;D1;+0:9]).([NH3+;D1:32]-[C:31]-[C:29](-[O;-;D1;H0:30])=[O;D1;H0:28])>>([C:10]-[S;H0;D2;+0:8]-[C:7]).([CH3;D1;+0:9]-[NH2+;D2:32]-[C:31]-[C:29](-[O;-;D1;H0:30])=[O;D1;H0:28]).([#1;H0;D0;+1])	1	19938
([C:7]-[S;H0;D2;+0:8]-[C:9]).([CH3;D1;+0:32]-[NH2+;D2:31]-[C:30]-[C:28](-[O;-;D1;H0:29])=[O;D1;H0:27])>>([C:7]-[S+;H0;D3:8](-[C:9])-[CH3;D1;+0:32]).([NH3+;D1:31]-[C:30]-[C:28](-[O;-;D1;H0:29])=[O;D1;H0:27])	1	19939
([C;D1;H3:9]-[N;H0;D3;+0:5](-[C:4]-[C:2](-[O;-;D1;H0:3])=[O;D1;H0:1])-[C;H0;D3;+0:6](-[NH2;D1;+0:8])=[O;D1;H0:7]).([OH2;D0;+0:10])>>([C;D1;H3:9]-[NH2+;D2:5]-[C:4]-[C:2](-[O;-;D1;H0:3])=[O;D1;H0:1]).([NH4+;D0:8]).([O;D1;H0:7]=[C;H0;D2;+0:6]=[O;H0;D1;+0:10])	1	20058
([C;D1;H3:6]-[NH2+;D2:5]-[C:4]-[C:2](-[O;-;D1;H0:3])=[O;D1;H0:1]).([NH4+;D0:7]).([O;D1;H0:8]=[C;H0;D2;+0:9]=[O;H0;D1;+0:10])>>([C;D1;H3:6]-[N;H0;D3;+0:5](-[C:4]-[C:2](-[O;-;D1;H0:3])=[O;D1;H0:1])-[C;H0;D3;+0:9](-[NH2;D1;+0:7])=[O;D1;H0:8]).([OH2;D0;+0:10]).([#1;H0;D0;+1]).([#1;H0;D0;+1])	1	20059
([O;-;D1;H0:3]-[P;H0;D4;+0:2](-[O;-;D1;H0:4])(=[O;D1;H0:1])-[O;H0;D2;+0:5]-[C:6]-[C@H;D3;+0:7]1-[#8:8]-[C@@H;D3;+0:9](-[OH;D1;+0:10])-[C@H;D3;+0:11](-[O;D1;H1:12])-[C:13]-[C:15]-1)>>([O;-;D1;H0:3]-[P;H0;D4;+0:2](-[O;-;D1;H0:4])(=[O;D1;H0:1])-[O;H0;D2;+0:10]-[C@@H;D3;+0:9]1-[#8:8]-[C@H;D3;+0:7](-[C:6]-[OH;D1;+0:5])-[C:15]-[C:13]-[C@H;D3;+0:11]-1-[O;D1;H1:12])	1	20115
([O;-;D1;H0:3]-[P;H0;D4;+0:2](-[O;-;D1;H0:4])(=[O;D1;H0:1])-[O;H0;D2;+0:5]-[C@@H;D3;+0:6]1-[#8:7]-[C@H;D3;+0:8](-[C:9]-[OH;D1;+0:10])-[C@@H;D3;+0:11](-[O;D1;H1:12])-[C:13]-[C:15]-1)>>([O;-;D1;H0:3]-[P;H0;D4;+0:2](-[O;-;D1;H0:4])(=[O;D1;H0:1])-[O;H0;D2;+0:10]-[C:9]-[C@H;D3;+0:8]1-[#8:7]-[C@@H;D3;+0:6](-[OH;D1;+0:5])-[C:15]-[C:13]-[C@@H;D3;+0:11]-1-[O;D1;H1:12])	1	20114
([C;D1;H3:5]-[C@H;D3;+0:4](-[N;+;D1;H3:6])-[C:2](-[O;-;D1;H0:3])=[O;D1;H0:1])>>([C;D1;H3:5]-[C@@H;D3;+0:4](-[N;+;D1;H3:6])-[C:2](-[O;-;D1;H0:3])=[O;D1;H0:1])	1	20250
([C;D1;H3:5]-[C@@H;D3;+0:4](-[N;+;D1;H3:6])-[C:2](-[O;-;D1;H0:3])=[O;D1;H0:1])>>([C;D1;H3:5]-[C@H;D3;+0:4](-[N;+;D1;H3:6])-[C:2](-[O;-;D1;H0:3])=[O;D1;H0:1])	1	20251
([C;D1;H3:55]-[C@H;D3;+0:4](-[C:5]=[O;D1;H0:6])-[C:2](-[O;-;D1;H0:3])=[O;D1;H0:1])>>([C;D1;H3:55]-[C@@H;D3;+0:4](-[C:5]=[O;D1;H0:6])-[C:2](-[O;-;D1;H0:3])=[O;D1;H0:1])	1	20555
([C;D1;H3:55]-[C@@H;D3;+0:4](-[C:5]=[O;D1;H0:6])-[C:2](-[O;-;D1;H0:3])=[O;D1;H0:1])>>([C;D1;H3:55]-[C@H;D3;+0:4](-[C:5]=[O;D1;H0:6])-[C:2](-[O;-;D1;H0:3])=[O;D1;H0:1])	1	20554
([NH4+;D0:1]).([NH4+;D0:2]).([O;D1;H0:3]=[C;H0;D2;+0:4]=[O;H0;D1;+0:5])>>([NH2;D1;+0:1]-[C;H0;D3;+0:4](-[NH2;D1;+0:2])=[O;D1;H0:3]).([OH2;D0;+0:5]).([#1;H0;D0;+1]).([#1;H0;D0;+1])	1	20559
([NH2;D1;+0:3]-[C;H0;D3;+0:2](-[NH2;D1;+0:4])=[O;D1;H0:1]).([OH2;D0;+0:5])>>([NH4+;D0:3]).([NH4+;D0:4]).([O;D1;H0:1]=[C;H0;D2;+0:2]=[O;H0;D1;+0:5])	1	20558
([O;D1;H1:1]-[OH;D1;+0:2]).([O;H0;D1;+0:3]=[O;H0;D1;+0:4])>>([O-;H0;D1:3]-[OH;D1;+0:4]).([O-;H0;D1:2]-[O;D1;H1:1]).([#1;H0;D0;+1]).([#1;H0;D0;+1])	1	20698
([O-;H0;D1:2]-[OH;D1;+0:1]).([O-;H0;D1:4]-[O;D1;H1:3])>>([O;D1;H1:3]-[OH;D1;+0:4]).([O;H0;D1;+0:1]=[O;H0;D1;+0:2])	1	20697
([C:20]-[C@@H;D3;+0:21](-[N;+;D1;H3:1])-[C:22](-[O;-;D1;H0:24])=[O;D1;H0:23].[C;D1;H3:6]-[C;H0;D4;+0:4]1(-[CH3;D1;+0:5])-[S;H0;D2;+0:3]-[C:2]-[#7:11](-[C:12]=[O;D1;H0:13])-[C@H;D3;+0:7]-1-[C:8](-[O;-;D1;H0:10])=[O;D1;H0:9]).([C:30]-[C;H0;D3;+0:28](=[O;D1;H0:29])-[C;H0;D3;+0:26](-[O-;H0;D1:27])=[O;D1;H0:25]).([O;H0;D1;+0:35]=[O;H0;D1;+0:36])>>([C:20]-[C@@H;D3;+0:21](-[N;+;D1;H3:1])-[C:22](-[O;-;D1;H0:24])=[O;D1;H0:23].[C;D1;H3:6]-[C;H0;D3;+0:4]1=[C;H0;D3;+0:7](-[C:8](-[O;-;D1;H0:10])=[O;D1;H0:9])-[#7:11](-[C:12]=[O;D1;H0:13])-[C:2]-[S;H0;D2;+0:3]-[CH2;D2;+0:5]-1).([C:30]-[C;H0;D3;+0:28](-[O-;H0;D1:35])=[O;D1;H0:29]).([O;D1;H0:25]=[C;H0;D2;+0:26]=[O;H0;D1;+0:27]).([OH2;D0;+0:36])	1	20749
([C;D1;H3:1]-[C;H0;D3;+0:5]1=[C;H0;D3;+0:6](-[C:7](-[O;-;D1;H0:9])=[O;D1;H0:8])-[#7:10](-[C:11]=[O;D1;H0:12])-[C:2]-[S;H0;D2;+0:3]-[CH2;D2;+0:4]-1).([C:29]-[C;H0;D3;+0:30](-[O-;H0;D1:32])=[O;D1;H0:31]).([O;D1;H0:35]=[C;H0;D2;+0:34]=[O;H0;D1;+0:33]).([OH2;D0;+0:36])>>([C;D1;H3:1]-[C;H0;D4;+0:5]1(-[CH3;D1;+0:4])-[S;H0;D2;+0:3]-[C:2]-[#7:10](-[C:11]=[O;D1;H0:12])-[C@H;D3;+0:6]-1-[C:7](-[O;-;D1;H0:9])=[O;D1;H0:8]).([C:29]-[C;H0;D3;+0:30](=[O;D1;H0:31])-[C;H0;D3;+0:34](-[O-;H0;D1:33])=[O;D1;H0:35]).([O;H0;D1;+0:32]=[O;H0;D1;+0:36])	1	20750
([C:10]-[n;H0;D3;+0:9]1:[c;H0;D3;+0:4]2:[n;H0;D2;+0:3]:[c:2]:[n-;H0;D2:23]:[c:21]:[c;H0;D3;+0:5]-2:[n;H0;D2;+0:6]:[c;H0;D3;+0:7](-[C;D1;H3:20]):[c;H0;D3;+0:8]:1-[C;D1;H3:19]).([#7;a:29]:[c:30](-[CH3;D1;+0:43]):[c:31](:[#7;a:32])-[CH3;D1;+0:42])>>([#7;a:29]:[c:30]1:[cH;D2;+0:43]:[c;H0;D3;+0:8](-[C;D1;H3:19]):[c;H0;D3;+0:7](-[C;D1;H3:20]):[cH;D2;+0:42]:[c:31]:1:[#7;a:32]).([C:10]-[NH;D2;+0:9]-[c;H0;D3;+0:4]1:[nH;D2;+0:3]:[c:2]:[nH;D2;+0:23]:[c:21]:[c;H0;D3;+0:5]:1-[NH2;D1;+0:6])	1	20773
([#7;a:13]:[c:12]1:[cH;D2;+0:11]:[c;H0;D3;+0:10](-[C;D1;H3:23]):[c;H0;D3;+0:9](-[C;D1;H3:24]):[cH;D2;+0:8]:[c:7]:1:[#7;a:6]).([C:41]-[C@@H;D3;+0:39](-[O;D1;H1:40])-[C:38]-[NH;D2;+0:37]-[c;H0;D3;+0:35]1:[nH;D2;+0:36]:[c:29]:[nH;D2;+0:30]:[c:31]:[c;H0;D3;+0:33]:1-[NH2;D1;+0:34])>>([C:41]-[C@@H;D3;+0:39](-[O;D1;H1:40])-[C:38]-[n;H0;D3;+0:37]1:[c;H0;D3;+0:35]2:[n;H0;D2;+0:36]:[c:29]:[n-;H0;D2:30]:[c:31]:[c;H0;D3;+0:33]-2:[n;H0;D2;+0:34]:[c;H0;D3;+0:10](-[C;D1;H3:23]):[c;H0;D3;+0:9]:1-[C;D1;H3:24]).([#7;a:13]:[c:12](-[CH3;D1;+0:11]):[c:7](:[#7;a:6])-[CH3;D1;+0:8]).([#1;H0;D0;+1])	1	20774
([#15:6]-[O;H0;D2;+0:5]-[P;H0;D4;+0:2](-[O;-;D1;H0:3])(-[O;-;D1;H0:4])=[O;D1;H0:1]).([C:33]-[OH;D1;+0:32])>>([#15:6]-[O-;H0;D1:5]).([C:33]-[O;H0;D2;+0:32]-[P;H0;D4;+0:2](-[O;-;D1;H0:3])(-[O;-;D1;H0:4])=[O;D1;H0:1]).([#1;H0;D0;+1])	1	20825
([#15:2]-[O-;H0;D1:3]).([C:33]-[O;H0;D2;+0:32]-[P;H0;D4;+0:29](-[O;-;D1;H0:30])(-[O;-;D1;H0:31])=[O;D1;H0:28])>>([#15:2]-[O;H0;D2;+0:3]-[P;H0;D4;+0:29](-[O;-;D1;H0:30])(-[O;-;D1;H0:31])=[O;D1;H0:28]).([C:33]-[OH;D1;+0:32])	1	20826
([C:6]-[C@H;D3;+0:4](-[N;+;D1;H3:5])-[C;H0;D3;+0:2](-[O-;H0;D1:3])=[O;D1;H0:1])>>([C:6]-[CH2;D2;+0:4]-[N;+;D1;H3:5]).([O;D1;H0:1]=[C;H0;D2;+0:2]=[O;H0;D1;+0:3])	1	20841
([C:6]-[CH2;D2;+0:7]-[N;+;D1;H3:8]).([O;D1;H0:11]=[C;H0;D2;+0:10]=[O;H0;D1;+0:9])>>([C:6]-[C@H;D3;+0:7](-[N;+;D1;H3:8])-[C;H0;D3;+0:10](-[O-;H0;D1:9])=[O;D1;H0:11]).([#1;H0;D0;+1])	1	20842
([#15:2]-[O-;H0;D1:3]).([O;-;D1;H0:30]-[C:29](=[O;D1;H0:28])-[C:31](=[O;D1;H0:32])-[CH2;D2;+0:33]-[C;H0;D3;+0:34](-[O;-;D1;H0:36])=[O;D1;H0:35]).([O;-;D1;H0:39]-[P;H0;D4;+0:38](-[O;-;D1;H0:40])(=[O;D1;H0:37])-[OH;D1;+0:41])>>([#15:2]-[O;H0;D2;+0:3]-[P;H0;D4;+0:38](-[O;-;D1;H0:39])(-[O;-;D1;H0:40])=[O;D1;H0:37]).([CH3;D1;+0:33]-[C:31](=[O;D1;H0:32])-[C:29](-[O;-;D1;H0:30])=[O;D1;H0:28]).([O;-;D1;H0:36]-[C;H0;D3;+0:34](=[O;D1;H0:35])-[OH;D1;+0:41])	1	20846
([#15:6]-[O;H0;D2;+0:5]-[P;H0;D4;+0:2](-[O;-;D1;H0:3])(-[O;-;D1;H0:4])=[O;D1;H0:1]).([CH3;D1;+0:37]-[C:35](=[O;D1;H0:36])-[C:33](-[O;-;D1;H0:34])=[O;D1;H0:32]).([O;-;D1;H0:40]-[C;H0;D3;+0:39](=[O;D1;H0:38])-[OH;D1;+0:41])>>([#15:6]-[O-;H0;D1:5]).([O;-;D1;H0:34]-[C:33](=[O;D1;H0:32])-[C:35](=[O;D1;H0:36])-[CH2;D2;+0:37]-[C;H0;D3;+0:39](-[O;-;D1;H0:40])=[O;D1;H0:38]).([O;-;D1;H0:3]-[P;H0;D4;+0:2](-[O;-;D1;H0:4])(=[O;D1;H0:1])-[OH;D1;+0:41]).([#1;H0;D0;+1])	1	20845
([#15:4]-[O;H0;D2;+0:3]-[C;H0;D3;+0:2](-[C;D1;H3:8])=[O;D1;H0:1]).([OH;D1;+0:10]-[OH;D1;+0:9]).([O;D1;H0:13]=[C;H0;D2;+0:12]=[O;H0;D1;+0:11])>>([C;D1;H3:8]-[C;H0;D3;+0:2](=[O;D1;H0:1])-[C;H0;D3;+0:12](-[O-;H0;D1:11])=[O;D1;H0:13]).([#15:4]-[OH;D1;+0:3]).([O;H0;D1;+0:10]=[O;H0;D1;+0:9]).([#1;H0;D0;+1])	1	20850
([C;D1;H3:6]-[C;H0;D3;+0:4](=[O;D1;H0:5])-[C;H0;D3;+0:2](-[O-;H0;D1:3])=[O;D1;H0:1]).([#15:8]-[OH;D1;+0:11]).([O;H0;D1;+0:12]=[O;H0;D1;+0:13])>>([#15:8]-[O;H0;D2;+0:11]-[C;H0;D3;+0:4](-[C;D1;H3:6])=[O;D1;H0:5]).([OH;D1;+0:12]-[OH;D1;+0:13]).([O;D1;H0:1]=[C;H0;D2;+0:2]=[O;H0;D1;+0:3])	1	20849
([C:5]-[SH;D1;+0:6]).([C:52]-[C;H0;D3;+0:50](-[O-;H0;D1:51])=[O;D1;H0:49])>>([C:52]-[C;H0;D3;+0:50](=[O;D1;H0:49])-[S;H0;D2;+0:6]-[C:5]).([OH2;D0;+0:51])	1	20890
([C:4]-[S;H0;D2;+0:3]-[C;H0;D3;+0:2](-[C:51])=[O;D1;H0:1]).([OH2;D0;+0:55])>>([C:4]-[SH;D1;+0:3]).([C:51]-[C;H0;D3;+0:2](-[O-;H0;D1:55])=[O;D1;H0:1]).([#1;H0;D0;+1])	1	20889
([N;+;D1;H3:9]-[C@@H;D3;+0:5](-[C:4]-[C;H0;D3;+0:2](-[O-;H0;D1:3])=[O;D1;H0:1])-[C:6](-[O;-;D1;H0:8])=[O;D1;H0:7]).([NH4+;D0:10])>>([N;+;D1;H3:9]-[C@@H;D3;+0:5](-[C:4]-[C;H0;D3;+0:2](-[NH2;D1;+0:10])=[O;D1;H0:1])-[C:6](-[O;-;D1;H0:8])=[O;D1;H0:7]).([OH2;D0;+0:3])	1	21018
([C:6]-[C;H0;D3;+0:7](-[NH2;D1;+0:9])=[O;D1;H0:8]).([OH2;D0;+0:10])>>([C:6]-[C;H0;D3;+0:7](-[O-;H0;D1:10])=[O;D1;H0:8]).([NH4+;D0:9])	1	21017
([#15:6]-[O;H0;D2;+0:9]-[P;H0;D4;+0:10](-[O;-;D1;H0:12])(=[O;D1;H0:11])-[O;H0;D2;+0:13]-[CH2;D2;+0:14]-[C:15]-[#8:16]).([C:38]-[S;H0;D2;+0:39]-[C;D1;H3:40]).([OH2;D0;+0:41])>>([#8:16]-[C:15]-[CH2;D2;+0:14]-[S+;H0;D3:39](-[C:38])-[C;D1;H3:40]).([#15:6]-[OH;D1;+0:9]).([O-;H0;D1:13]-[P;H0;D4;+0:10](-[O;-;D1;H0:12])(=[O;D1;H0:11])-[OH;D1;+0:41])	1	21081
([#8:12]-[C:11]-[CH2;D2;+0:10]-[S+;H0;D3:8](-[C:7])-[C;D1;H3:9]).([#15:33]-[OH;D1;+0:36]).([O-;H0;D1:39]-[P;H0;D4;+0:38](-[O;-;D1;H0:40])(=[O;D1;H0:37])-[OH;D1;+0:41])>>([#15:33]-[O;H0;D2;+0:36]-[P;H0;D4;+0:38](-[O;-;D1;H0:40])(=[O;D1;H0:37])-[O;H0;D2;+0:39]-[CH2;D2;+0:10]-[C:11]-[#8:12]).([C:7]-[S;H0;D2;+0:8]-[C;D1;H3:9]).([OH2;D0;+0:41])	1	21082
([C:13]-[C@@;H0;D4;+0:4](-[OH;D1;+0:5])(-[CH2;D2;+0:6]-[C:7]=[O;D1;H0:8])-[C:2](-[O;-;D1;H0:3])=[O;D1;H0:1])>>([C:13]-[C;H0;D3;+0:4](=[CH;D2;+0:6]-[C:7]=[O;D1;H0:8])-[C:2](-[O;-;D1;H0:3])=[O;D1;H0:1]).([OH2;D0;+0:5])	1	21097
([C:12]-[C;H0;D3;+0:4](=[CH;D2;+0:5]-[C:6]=[O;D1;H0:7])-[C:2](-[O;-;D1;H0:3])=[O;D1;H0:1]).([OH2;D0;+0:13])>>([C:12]-[C@@;H0;D4;+0:4](-[OH;D1;+0:13])(-[CH2;D2;+0:5]-[C:6]=[O;D1;H0:7])-[C:2](-[O;-;D1;H0:3])=[O;D1;H0:1])	1	21098
([#7;a;+:8]:[c:9]:[c:4]-[C;H0;D3;+0:2](-[NH2;D1;+0:3])=[O;D1;H0:1]).([#15:46]-[O-;H0;D1:47]).([#8:72]-[P;H0;D4;+0:73](-[O;-;D1;H0:75])(=[O;D1;H0:74])-[OH;D1;+0:76])>>([#7;a;+:8]:[c:9]:[c:4]-[C;H0;D3;+0:2](-[O-;H0;D1:76])=[O;D1;H0:1]).([#15:46]-[O;H0;D2;+0:47]-[P;H0;D4;+0:73](-[#8:72])(-[O;-;D1;H0:75])=[O;D1;H0:74]).([NH4+;D0:3])	1	21190
([#15:19]-[O;H0;D2;+0:18]-[P;H0;D4;+0:15](-[O;-;D1;H0:17])(=[O;D1;H0:16])-[O;H0;D2;+0:14]-[CH2;D2;+0:13]-[C@@H;D3;+0:12](-[#8:11])-[C:41].[#7;a;+:8]:[c:9]:[c:4]-[C;H0;D3;+0:2](-[O-;H0;D1:3])=[O;D1;H0:1]).([#15:50]-[O;H0;D2;+0:49]-[P;H0;D4;+0:46](-[O;-;D1;H0:47])(-[O;-;D1;H0:48])=[O;D1;H0:45]).([NH4+;D0:76])>>([#15:50]-[O;H0;D2;+0:49]-[CH2;D2;+0:13]-[C@@H;D3;+0:12](-[#8:11])-[C:41].[#7;a;+:8]:[c:9]:[c:4]-[C;H0;D3;+0:2](-[NH2;D1;+0:76])=[O;D1;H0:1]).([#15:19]-[O-;H0;D1:18]).([O;-;D1;H0:17]-[P;H0;D4;+0:15](=[O;D1;H0:16])(-[OH;D1;+0:14])-[O;H0;D2;+0:3]-[P;H0;D4;+0:46](-[O;-;D1;H0:47])(-[O;-;D1;H0:48])=[O;D1;H0:45]).([#1;H0;D0;+1])	1	21189
([O;D1;H0:1]=[c;H0;D3;+0:2]1:[nH;D2;+0:12]:[c;H0;D3;+0:11]2:[nH;D2;+0:10]:[c;H0;D3;+0:8](=[O;D1;H0:9]):[nH;D2;+0:7]:[c;H0;D3;+0:6]:2:[c;H0;D3;+0:4](=[O;D1;H0:5]):[nH;D2;+0:3]:1).([OH2;D0;+0:13]).([O;H0;D1;+0:14]=[O;H0;D1;+0:15])>>([O;D1;H0:1]=[C;H0;D3;+0:2]1-[N;H0;D2;+0:12]=[C;H0;D3;+0:11]2-[NH;D2;+0:10]-[C;H0;D3;+0:8](=[O;D1;H0:9])-[NH;D2;+0:7]-[C;H0;D4;+0:6]-2(-[OH;D1;+0:13])-[C;H0;D3;+0:4](=[O;D1;H0:5])-[NH;D2;+0:3]-1).([OH;D1;+0:14]-[OH;D1;+0:15])	1	21369
([O;D1;H0:12]=[C;H0;D3;+0:11]1-[NH;D2;+0:13]-[C;H0;D3;+0:2](=[O;D1;H0:1])-[N;H0;D2;+0:3]=[C;H0;D3;+0:4]2-[NH;D2;+0:5]-[C;H0;D3;+0:6](=[O;D1;H0:7])-[NH;D2;+0:8]-[C;H0;D4;+0:9]-1-2-[OH;D1;+0:10]).([OH;D1;+0:14]-[OH;D1;+0:15])>>([O;D1;H0:12]=[c;H0;D3;+0:11]1:[nH;D2;+0:13]:[c;H0;D3;+0:2](=[O;D1;H0:1]):[nH;D2;+0:3]:[c;H0;D3;+0:4]2:[nH;D2;+0:5]:[c;H0;D3;+0:6](=[O;D1;H0:7]):[nH;D2;+0:8]:[c;H0;D3;+0:9]:1:2).([OH2;D0;+0:10]).([O;H0;D1;+0:14]=[O;H0;D1;+0:15])	1	21370
([C;D1;H3:55]-[C@H;D3;+0:4](-[C:5]=[O;D1;H0:6])-[C;H0;D3;+0:2](-[O-;H0;D1:3])=[O;D1;H0:1])>>([C;D1;H3:55]-[CH2;D2;+0:4]-[C:5]=[O;D1;H0:6]).([O;D1;H0:1]=[C;H0;D2;+0:2]=[O;H0;D1;+0:3])	1	21397
([C;D1;H3:52]-[CH2;D2;+0:51]-[C:2]=[O;D1;H0:1]).([O;D1;H0:55]=[C;H0;D2;+0:54]=[O;H0;D1;+0:53])>>([C;D1;H3:52]-[C@H;D3;+0:51](-[C:2]=[O;D1;H0:1])-[C;H0;D3;+0:54](-[O-;H0;D1:53])=[O;D1;H0:55]).([#1;H0;D0;+1])	1	21398
([O;D1;H0:1]=[C;H0;D3;+0:2](-[c:3])-[CH;D3;+0:9](-[OH;D1;+0:10])-[c:11])>>([O;D1;H0:1]=[CH;D2;+0:2]-[c:3]).([O;H0;D1;+0:10]=[CH;D2;+0:9]-[c:11])	1	21461
([O;D1;H0:3]=[CH;D2;+0:2]-[c:4]).([O;H0;D1;+0:11]=[CH;D2;+0:10]-[c:12])>>([O;D1;H0:3]=[C;H0;D3;+0:2](-[c:4])-[CH;D3;+0:10](-[OH;D1;+0:11])-[c:12])	1	21462
([NH4+;D0:1]).([O;H0;D1;+0:2]=[C;H0;D2;+0:3]=[S;H0;D1;+0:4])>>([N;H0;D1;+0:1]#[C;H0;D2;+0:3]-[S-;H0;D1:4]).([OH2;D0;+0:2]).([#1;H0;D0;+1]).([#1;H0;D0;+1])	1	21466
([N;H0;D1;+0:1]#[C;H0;D2;+0:2]-[S-;H0;D1:3]).([OH2;D0;+0:4])>>([NH4+;D0:1]).([O;H0;D1;+0:4]=[C;H0;D2;+0:2]=[S;H0;D1;+0:3])	1	21465
([C;D1;H3:7]-[C@@;H0;D4;+0:5](-[OH;D1;+0:6])(-[C:8]-[C:9]=[O;D1;H0:10])-[CH2;D2;+0:4]-[C:2](-[O;-;D1;H0:3])=[O;D1;H0:1])>>([C;D1;H3:7]/[C;H0;D3;+0:5](-[C:8]-[C:9]=[O;D1;H0:10])=[CH;D2;+0:4]\[C:2](-[O;-;D1;H0:3])=[O;D1;H0:1]).([OH2;D0;+0:6])	1	21537
([C;D1;H3:6]/[C;H0;D3;+0:5](-[C:7]-[C:8]=[O;D1;H0:9])=[CH;D2;+0:4]\[C:2](-[O;-;D1;H0:3])=[O;D1;H0:1]).([OH2;D0;+0:58])>>([C;D1;H3:6]-[C@@;H0;D4;+0:5](-[OH;D1;+0:58])(-[C:7]-[C:8]=[O;D1;H0:9])-[CH2;D2;+0:4]-[C:2](-[O;-;D1;H0:3])=[O;D1;H0:1])	1	21538
([OH;D1;+0:1]-[c;H0;D3;+0:2]1:[cH;D2;+0:3]:[cH;D2;+0:4]:[cH;D2;+0:5]:[cH;D2;+0:6]:[c;H0;D3;+0:7]:1-[OH;D1;+0:8]).([OH;D1;+0:16]-[c;H0;D3;+0:15]1:[cH;D2;+0:14]:[cH;D2;+0:13]:[cH;D2;+0:12]:[cH;D2;+0:11]:[c;H0;D3;+0:10]:1-[OH;D1;+0:9]).([O;H0;D1;+0:17]=[O;H0;D1;+0:18])>>([O;H0;D1;+0:1]=[C;H0;D3;+0:2]1-[CH;D2;+0:3]=[CH;D2;+0:4]-[CH;D2;+0:5]=[CH;D2;+0:6]-[C;H0;D3;+0:7]-1=[O;H0;D1;+0:8]).([O;H0;D1;+0:16]=[C;H0;D3;+0:15]1-[CH;D2;+0:14]=[CH;D2;+0:13]-[CH;D2;+0:12]=[CH;D2;+0:11]-[C;H0;D3;+0:10]-1=[O;H0;D1;+0:9]).([OH2;D0;+0:17]).([OH2;D0;+0:18])	1	21633
([O;H0;D1;+0:1]=[C;H0;D3;+0:2]1-[CH;D2;+0:3]=[CH;D2;+0:4]-[CH;D2;+0:5]=[CH;D2;+0:6]-[C;H0;D3;+0:7]-1=[O;H0;D1;+0:8]).([O;H0;D1;+0:16]=[C;H0;D3;+0:15]1-[CH;D2;+0:14]=[CH;D2;+0:13]-[CH;D2;+0:12]=[CH;D2;+0:11]-[C;H0;D3;+0:10]-1=[O;H0;D1;+0:9]).([OH2;D0;+0:17]).([OH2;D0;+0:18])>>([OH;D1;+0:1]-[c;H0;D3;+0:2]1:[cH;D2;+0:3]:[cH;D2;+0:4]:[cH;D2;+0:5]:[cH;D2;+0:6]:[c;H0;D3;+0:7]:1-[OH;D1;+0:8]).([OH;D1;+0:16]-[c;H0;D3;+0:15]1:[cH;D2;+0:14]:[cH;D2;+0:13]:[cH;D2;+0:12]:[cH;D2;+0:11]:[c;H0;D3;+0:10]:1-[OH;D1;+0:9]).([O;H0;D1;+0:17]=[O;H0;D1;+0:18])	1	21634
([#8:11]-[C:10]-[CH2;D2;+0:9]-[S;H0;D2;+0:8]-[C:7]).([OH2;D0;+0:27])>>([#8:11]-[C:10]-[CH2;D2;+0:9]-[OH;D1;+0:27]).([C:7]-[SH;D1;+0:8])	1	21709
([#8:4]-[C:3]-[CH2;D2;+0:2]-[OH;D1;+0:1]).([C:26]-[SH;D1;+0:27])>>([#8:4]-[C:3]-[CH2;D2;+0:2]-[S;H0;D2;+0:27]-[C:26]).([OH2;D0;+0:1])	1	21710
([CH2;D1;+0:16]=[C;H0;D3;+0:4](-[O;H0;D2;+0:5]-[C@@H;D3;+0:6]1-[CH;D2;+0:7]=[C;H0;D3;+0:8](-[C:13](-[O;-;D1;H0:15])=[O;D1;H0:14])-[CH;D2;+0:9]=[CH;D2;+0:10]-[C@H;D3;+0:11]-1-[OH;D1;+0:12])-[C:2](-[O;-;D1;H0:3])=[O;D1;H0:1]).([N;+;D1;H3:21]-[C@@H;D3;+0:20](-[C:22]-[C:23]-[C;H0;D3;+0:24](-[NH2;D1;+0:26])=[O;D1;H0:25])-[C:18](-[O;-;D1;H0:19])=[O;D1;H0:17])>>([N;+;D1;H3:21]-[C@@H;D3;+0:20](-[C:22]-[C:23]-[C;H0;D3;+0:24](-[O-;H0;D1:12])=[O;D1;H0:25])-[C:18](-[O;-;D1;H0:19])=[O;D1;H0:17]).([NH2;D1;+0:26]-[c;H0;D3;+0:7]1:[cH;D2;+0:6]:[cH;D2;+0:11]:[cH;D2;+0:10]:[cH;D2;+0:9]:[c;H0;D3;+0:8]:1-[C:13](-[O;-;D1;H0:15])=[O;D1;H0:14]).([CH3;D1;+0:16]-[C;H0;D3;+0:4](=[O;H0;D1;+0:5])-[C:2](-[O;-;D1;H0:3])=[O;D1;H0:1]).([#1;H0;D0;+1])	1	21733
([N;+;D1;H3:10]-[C@@H;D3;+0:6](-[C:5]-[C:4]-[C;H0;D3;+0:2](-[O-;H0;D1:3])=[O;D1;H0:1])-[C:7](-[O;-;D1;H0:9])=[O;D1;H0:8]).([NH2;D1;+0:20]-[c;H0;D3;+0:19]1:[cH;D2;+0:18]:[cH;D2;+0:17]:[cH;D2;+0:16]:[cH;D2;+0:15]:[c;H0;D3;+0:14]:1-[C:12](-[O;-;D1;H0:13])=[O;D1;H0:11]).([CH3;D1;+0:26]-[C;H0;D3;+0:24](=[O;H0;D1;+0:25])-[C:22](-[O;-;D1;H0:23])=[O;D1;H0:21])>>([CH2;D1;+0:26]=[C;H0;D3;+0:24](-[O;H0;D2;+0:25]-[C@@H;D3;+0:18]1-[CH;D2;+0:19]=[C;H0;D3;+0:14](-[C:12](-[O;-;D1;H0:13])=[O;D1;H0:11])-[CH;D2;+0:15]=[CH;D2;+0:16]-[C@H;D3;+0:17]-1-[OH;D1;+0:3])-[C:22](-[O;-;D1;H0:23])=[O;D1;H0:21]).([N;+;D1;H3:10]-[C@@H;D3;+0:6](-[C:5]-[C:4]-[C;H0;D3;+0:2](-[NH2;D1;+0:20])=[O;D1;H0:1])-[C:7](-[O;-;D1;H0:9])=[O;D1;H0:8])	1	21734
([O;-;D1;H0:3]-[C:2](=[O;D1;H0:1])-[C@;H0;D4;+0:4]1(-[OH;D1;+0:5])-[C:6]-[C;H0;D3;+0:7](=[O;H0;D1;+0:8])-[C@@H;D3;+0:9](-[O;D1;H1:10])-[C:11]-[CH2;D2;+0:13]-1).([#15:15]-[OH;D1;+0:18])>>([#15:15]-[O;H0;D2;+0:18]-[CH2;D2;+0:13]-[C:11]-[C@@H;D3;+0:9](-[O;D1;H1:10])-[C@H;D3;+0:7](-[OH;D1;+0:8])-[C:6]-[C;H0;D3;+0:4](=[O;H0;D1;+0:5])-[C:2](-[O;-;D1;H0:3])=[O;D1;H0:1])	1	21970
([#15:15]-[O;H0;D2;+0:14]-[CH2;D2;+0:13]-[C:11]-[C@@H;D3;+0:9](-[O;D1;H1:10])-[C@H;D3;+0:7](-[OH;D1;+0:8])-[C:6]-[C;H0;D3;+0:4](=[O;H0;D1;+0:5])-[C:2](-[O;-;D1;H0:3])=[O;D1;H0:1])>>([O;-;D1;H0:3]-[C:2](=[O;D1;H0:1])-[C@;H0;D4;+0:4]1(-[OH;D1;+0:5])-[C:6]-[C;H0;D3;+0:7](=[O;H0;D1;+0:8])-[C@@H;D3;+0:9](-[O;D1;H1:10])-[C:11]-[CH2;D2;+0:13]-1).([#15:15]-[OH;D1;+0:14])	1	21969
([#7;a:3]:[c:2]:[c:11]1:[c:6](:[#7;a:5])-[#7:7]-[C:8]-[C;H0;D3;+0:9](-[C@H;D3;+0:12](-[OH;D1;+0:13])-[C@H;D3;+0:14](-[OH;D1;+0:15])-[CH2;D2;+0:16]-[O;H0;D2;+0:17]-[P;H0;D4;+0:18](-[#8:21])(-[O;-;D1;H0:20])=[O;H0;D1;+0:19])=[N;H0;D2;+0:10]-1)>>([#7;a:3]:[c:2]:[c:11]1:[c:6](:[#7;a:5])-[#7:7]-[C:8]-[C@H;D3;+0:9](-[C;H0;D3;+0:12](=[O;H0;D1;+0:13])-[C;H0;D3;+0:14](-[CH3;D1;+0:16])=[O;H0;D1;+0:15])-[NH;D2;+0:10]-1).([#8:21]-[P;H0;D4;+0:18](-[O-;H0;D1:19])(-[O;-;D1;H0:20])=[O;H0;D1;+0:17]).([#1;H0;D0;+1])	1	22049
([#7;a:7]:[c:5]:[c:4]1:[c:10](:[#7;a:9])-[#7:11]-[C:12]-[C@H;D3;+0:2](-[C;H0;D3;+0:14](=[O;H0;D1;+0:15])-[C;H0;D3;+0:16](-[CH3;D1;+0:1])=[O;H0;D1;+0:17])-[NH;D2;+0:3]-1).([#8:22]-[P;H0;D4;+0:19](-[O-;H0;D1:20])(-[O;-;D1;H0:21])=[O;H0;D1;+0:18])>>([#7;a:7]:[c:5]:[c:4]1:[c:10](:[#7;a:9])-[#7:11]-[C:12]-[C;H0;D3;+0:2](-[C@H;D3;+0:14](-[OH;D1;+0:15])-[C@H;D3;+0:16](-[OH;D1;+0:17])-[CH2;D2;+0:1]-[O;H0;D2;+0:18]-[P;H0;D4;+0:19](-[#8:22])(-[O;-;D1;H0:21])=[O;H0;D1;+0:20])=[N;H0;D2;+0:3]-1)	1	22050
([C:19]=[C:18]\[C:17]-[C@@H;D3;+0:15](-[OH;D1;+0:16])/[CH;D2;+0:14]=[CH;D2;+0:13]/[CH;D2;+0:12]=[CH;D2;+0:11]/[CH;D2;+0:10]=[CH;D2;+0:9]\[C:7]-[OH;D1;+0:8])>>([C:19]=[C:18]\[C:17]/[CH;D2;+0:15]=[CH;D2;+0:14]\[CH;D2;+0:13]=[CH;D2;+0:12]\[CH;D2;+0:11]=[CH;D2;+0:10]\[C@H;D3;+0:9]1-[C:7]-[O;H0;D2;+0:8]-1).([OH2;D0;+0:16])	1	22326
([C:18]=[C:17]\[C:16]/[CH;D2;+0:15]=[CH;D2;+0:14]\[CH;D2;+0:13]=[CH;D2;+0:12]\[CH;D2;+0:11]=[CH;D2;+0:10]\[C@H;D3;+0:9]1-[C:7]-[O;H0;D2;+0:8]-1).([OH2;D0;+0:24])>>([C:18]=[C:17]\[C:16]-[C@@H;D3;+0:15](-[OH;D1;+0:24])/[CH;D2;+0:14]=[CH;D2;+0:13]/[CH;D2;+0:12]=[CH;D2;+0:11]/[CH;D2;+0:10]=[CH;D2;+0:9]\[C:7]-[OH;D1;+0:8])	1	22325
([C;D1;H3:23]-[CH;D3;+0:22](-[C;D1;H3:24])-[C:4](-[NH;D2;+0:5]-[C:6](=[O;D1;H0:7])-[C:8]-[CH2;D2;+0:20]-[SH;D1;+0:21])-[C:2](-[O;-;D1;H0:3])=[O;D1;H0:1]).([O;H0;D1;+0:25]=[O;H0;D1;+0:26])>>([C;D1;H3:23]-[C;H0;D4;+0:22]1(-[C;D1;H3:24])-[S;H0;D2;+0:21]-[C@@H;D3;+0:20]2-[C:8]-[C:6](=[O;D1;H0:7])-[N;H0;D3;+0:5]-2-[C:4]-1-[C:2](-[O;-;D1;H0:3])=[O;D1;H0:1]).([OH2;D0;+0:25]).([OH2;D0;+0:26])	1	22429
([C;D1;H3:5]-[C;H0;D4;+0:4]1(-[C;D1;H3:6])-[S;H0;D2;+0:3]-[C@@H;D3;+0:2]2-[C:14]-[C:12](=[O;D1;H0:13])-[N;H0;D3;+0:11]-2-[C:7]-1-[C:8](-[O;-;D1;H0:10])=[O;D1;H0:9]).([OH2;D0;+0:25]).([OH2;D0;+0:26])>>([C;D1;H3:5]-[CH;D3;+0:4](-[C;D1;H3:6])-[C:7](-[NH;D2;+0:11]-[C:12](=[O;D1;H0:13])-[C:14]-[CH2;D2;+0:2]-[SH;D1;+0:3])-[C:8](-[O;-;D1;H0:10])=[O;D1;H0:9]).([O;H0;D1;+0:25]=[O;H0;D1;+0:26])	1	22430
([C;D1;H3:6]-[NH2+;D2:5]-[C:4]-[C:2](-[O;-;D1;H0:3])=[O;D1;H0:1]).([N;D1;H2:10]-[C;H0;D3;+0:8](-[NH2;D1;+0:9])=[O;H0;D1;+0:7])>>([C;D1;H3:6]-[N;H0;D3;+0:5](-[C:4]-[C:2](-[O;-;D1;H0:3])=[O;D1;H0:1])-[C;H0;D3;+0:8](-[N;D1;H2:10])=[NH2+;D1:9]).([OH2;D0;+0:7])	1	22458
([C;D1;H3:9]-[N;H0;D3;+0:5](-[C:4]-[C:2](-[O;-;D1;H0:3])=[O;D1;H0:1])-[C;H0;D3;+0:6](-[N;D1;H2:7])=[NH2+;D1:8]).([OH2;D0;+0:10])>>([C;D1;H3:9]-[NH2+;D2:5]-[C:4]-[C:2](-[O;-;D1;H0:3])=[O;D1;H0:1]).([N;D1;H2:7]-[C;H0;D3;+0:6](-[NH2;D1;+0:8])=[O;H0;D1;+0:10])	1	22457
([*;D1;H0:1]-[CH;D2;+0:2]=[O;H0;D1;+0:3]).([OH;D1;+0:4]-[OH;D1;+0:5])>>([*;D1;H0:1]-[CH2;D2;+0:2]-[OH;D1;+0:3]).([O;H0;D1;+0:4]=[O;H0;D1;+0:5])	1	22758
([*;D1;H0:1]-[CH2;D2;+0:2]-[OH;D1;+0:3]).([O;H0;D1;+0:4]=[O;H0;D1;+0:5])>>([*;D1;H0:1]-[CH;D2;+0:2]=[O;H0;D1;+0:3]).([OH;D1;+0:4]-[OH;D1;+0:5])	1	22757
([O-;H0;D1:3]-[C;H0;D3;+0:2](=[O;H0;D1;+0:1])-[CH2;D2;+0:4]-[CH2;D2;+0:5]-[C:6]=[O;D1;H0:7])>>([CH3;D1;+0:2]-[C@@H;D3;+0:5](-[C:6]=[O;D1;H0:7])-[C;H0;D3;+0:4](-[O-;H0;D1:3])=[O;H0;D1;+0:1])	1	22890
([CH3;D1;+0:55]-[C@@H;D3;+0:4](-[C:5]=[O;D1;H0:6])-[C;H0;D3;+0:2](-[O-;H0;D1:3])=[O;H0;D1;+0:1])>>([O-;H0;D1:3]-[C;H0;D3;+0:55](=[O;H0;D1;+0:1])-[CH2;D2;+0:2]-[CH2;D2;+0:4]-[C:5]=[O;D1;H0:6])	1	22889
([#15:6]-[O;H0;D2;+0:5]-[P;H0;D4;+0:2](-[O;-;D1;H0:3])(-[O;-;D1;H0:4])=[O;D1;H0:1]).([N;+;D1;H2:43]=[C:41]-[NH2;D1;+0:42])>>([#15:6]-[O-;H0;D1:5]).([N;+;D1;H2:43]=[C:41]-[NH;D2;+0:42]-[P;H0;D4;+0:2](-[O;-;D1;H0:3])(-[O;-;D1;H0:4])=[O;D1;H0:1]).([#1;H0;D0;+1])	1	22941
([#15:2]-[O-;H0;D1:3]).([N;+;D1;H2:38]=[C:37]-[NH;D2;+0:39]-[P;H0;D4;+0:40](-[O;-;D1;H0:42])(-[O;-;D1;H0:43])=[O;D1;H0:41])>>([#15:2]-[O;H0;D2;+0:3]-[P;H0;D4;+0:40](-[O;-;D1;H0:42])(-[O;-;D1;H0:43])=[O;D1;H0:41]).([N;+;D1;H2:38]=[C:37]-[NH2;D1;+0:39])	1	22942
([C:10]-[CH;D2;+0:11]=[C;H0;D3;+0:12](-[C;D1;H3:14])-[CH3;D1;+0:13])>>([C:10]-[CH2;D2;+0:11]-[C;H0;D3;+0:12](-[C;D1;H3:14])=[CH2;D1;+0:13])	1	23286
([C:10]-[CH2;D2;+0:11]-[C;H0;D3;+0:12](-[C;D1;H3:14])=[CH2;D1;+0:13])>>([C:10]-[CH;D2;+0:11]=[C;H0;D3;+0:12](-[C;D1;H3:14])-[CH3;D1;+0:13])	1	23285
([O-;H0;D1:3]-[C;H0;D3;+0:2](=[O;D1;H0:1])-[C;H0;D3;+0:4](=[O;D1;H0:5])-[c:6])>>([O;D1;H0:5]=[CH;D2;+0:4]-[c:6]).([O;D1;H0:1]=[C;H0;D2;+0:2]=[O;H0;D1;+0:3])	1	23369
([O;D1;H0:3]=[CH;D2;+0:2]-[c:4]).([O;D1;H0:11]=[C;H0;D2;+0:10]=[O;H0;D1;+0:9])>>([O-;H0;D1:9]-[C;H0;D3;+0:10](=[O;D1;H0:11])-[C;H0;D3;+0:2](=[O;D1;H0:3])-[c:4]).([#1;H0;D0;+1])	1	23370
([#15:7]-[OH;D1;+0:10]).([OH2;D0;+0:15]).([OH2;D0;+0:16]).([OH2;D0;+0:17]).([OH2;D0;+0:18])>>([#15:7]-[O-;H0;D1:10]).([*;H0;D1;+0:28]-[C@@H;D3;+0:29]1-[O;H0;D2;+0:30]-[C@H;D3;+0:31](-[CH2;D2;+0:32]-[O;H0;D2;+0:33]-[P;H0;D4;+0:34](-[O-;H0;D1:36])(-[O-;H0;D1:37])=[O;H0;D1;+0:35])-[C@@H;D3;+0:38](-[OH;D1;+0:39])-[C@H;D3;+0:40]-1-[OH;D1;+0:41]).([*;H0;D1;+0:42]-[C@@H;D3;+0:43]1-[O;H0;D2;+0:44]-[C@H;D3;+0:45](-[CH2;D2;+0:46]-[O;H0;D2;+0:47]-[P;H0;D4;+0:48](-[O-;H0;D1:50])(-[O-;H0;D1:51])=[O;H0;D1;+0:49])-[C@@H;D3;+0:52](-[OH;D1;+0:53])-[C@H;D3;+0:54]-1-[OH;D1;+0:55]).([*;H0;D1;+0:56]-[C@@H;D3;+0:57]1-[O;H0;D2;+0:58]-[C@H;D3;+0:59](-[CH2;D2;+0:60]-[O;H0;D2;+0:61]-[P;H0;D4;+0:62](-[O-;H0;D1:64])(-[O-;H0;D1:65])=[O;H0;D1;+0:63])-[C@@H;D3;+0:66](-[OH;D1;+0:18])-[C@H;D3;+0:67]-1-[OH;D1;+0:68]).([*;H0;D1;+0:69]-[C@@H;D3;+0:70]1-[O;H0;D2;+0:71]-[C@H;D3;+0:72](-[CH2;D2;+0:73]-[O;H0;D2;+0:74]-[P;H0;D4;+0:75](-[O-;H0;D1:76])(-[O-;H0;D1:77])=[O;H0;D1;+0:17])-[C@@H;D3;+0:78](-[OH;D1;+0:15])-[C@H;D3;+0:79]-1-[OH;D1;+0:16]).([#1;H0;D0;+1]).([#1;H0;D0;+1]).([#1;H0;D0;+1]).([#1;H0;D0;+1]).([#1;H0;D0;+1])	1	23393
([*;H0;D1;+0:24]-[C@@H;D3;+0:25]1-[O;H0;D2;+0:26]-[C@H;D3;+0:27](-[CH2;D2;+0:28]-[O;H0;D2;+0:29]-[P;H0;D4;+0:30](-[O-;H0;D1:31])(-[O-;H0;D1:32])=[O;H0;D1;+0:1])-[C@@H;D3;+0:33](-[OH;D1;+0:2])-[C@H;D3;+0:34]-1-[OH;D1;+0:3]).([*;H0;D1;+0:35]-[C@@H;D3;+0:36]1-[O;H0;D2;+0:37]-[C@H;D3;+0:38](-[CH2;D2;+0:39]-[O;H0;D2;+0:40]-[P;H0;D4;+0:41](-[O-;H0;D1:43])(-[O-;H0;D1:44])=[O;H0;D1;+0:42])-[C@@H;D3;+0:45](-[OH;D1;+0:4])-[C@H;D3;+0:46]-1-[OH;D1;+0:47]).([#15:11]-[O-;H0;D1:13])>>([#15:11]-[OH;D1;+0:13]).([OH2;D0;+0:4]).([OH2;D0;+0:1]).([OH2;D0;+0:3]).([OH2;D0;+0:2])	1	23394
([#8:5]-[P;H0;D4;+0:2](-[O-;H0;D1:3])(-[O;-;D1;H0:4])=[O;D1;H0:1]).([O;-;D1;H0:26]-[C:25](=[O;D1;H0:24])-[C:27]-[N;H0;D3;+0:28]1-[C:32]-[C:31]-[C;H0;D3;+0:29]-1=[O;D1;H0:30]).([#15:45]-[OH;D1;+0:48])>>([#15:45]-[O;H0;D2;+0:48]-[P;H0;D4;+0:2](-[#8:5])(-[O;-;D1;H0:4])=[O;D1;H0:1]).([O-;H0;D1:3]-[C;H0;D3;+0:29](=[O;D1;H0:30])-[C:31]-[C:32]-[NH2+;D2:28]-[C:27]-[C:25](-[O;-;D1;H0:26])=[O;D1;H0:24])	1	23622
([#15:6]-[O;H0;D2;+0:9]-[P;H0;D4;+0:10](-[#8:13])(-[O;-;D1;H0:12])=[O;D1;H0:11]).([O-;H0;D1:34]-[C;H0;D3;+0:33](=[O;D1;H0:32])-[C:35]-[C:36]-[NH2+;D2:37]-[C:38]-[C:39](-[O;-;D1;H0:41])=[O;D1;H0:40])>>([#8:13]-[P;H0;D4;+0:10](-[O-;H0;D1:34])(-[O;-;D1;H0:12])=[O;D1;H0:11]).([O;-;D1;H0:41]-[C:39](=[O;D1;H0:40])-[C:38]-[N;H0;D3;+0:37]1-[C:36]-[C:35]-[C;H0;D3;+0:33]-1=[O;D1;H0:32]).([#15:6]-[OH;D1;+0:9]).([#1;H0;D0;+1])	1	23621
([C:54]-[CH2;D2;+0:53]/[CH;D2;+0:52]=[CH;D2;+0:51]/[C:2]=[O;D1;H0:1])>>([C:54]/[CH;D2;+0:53]=[CH;D2;+0:52]\[CH2;D2;+0:51]-[C:2]=[O;D1;H0:1])	1	23718
([C:54]/[CH;D2;+0:53]=[CH;D2;+0:52]\[CH2;D2;+0:51]-[C:2]=[O;D1;H0:1])>>([C:54]-[CH2;D2;+0:53]/[CH;D2;+0:52]=[CH;D2;+0:51]/[C:2]=[O;D1;H0:1])	1	23717
([C;D1;H3:52]-[CH2;D2;+0:51]-[C:2]=[O;D1;H0:1]).([#15:58]-[O;H0;D2;+0:57]-[P;H0;D4;+0:54](-[O;-;D1;H0:55])(-[O;-;D1;H0:56])=[O;D1;H0:53]).([O;-;D1;H0:86]-[C;H0;D3;+0:85](=[O;D1;H0:84])-[OH;D1;+0:87])>>([C;D1;H3:52]-[C@H;D3;+0:51](-[C:2]=[O;D1;H0:1])-[C;H0;D3;+0:85](-[O;-;D1;H0:86])=[O;D1;H0:84]).([#15:58]-[O-;H0;D1:57]).([O;-;D1;H0:55]-[P;H0;D4;+0:54](-[O;-;D1;H0:56])(=[O;D1;H0:53])-[OH;D1;+0:87]).([#1;H0;D0;+1])	1	23721
([C;D1;H3:55]-[C@H;D3;+0:4](-[C:5]=[O;D1;H0:6])-[C;H0;D3;+0:2](-[O;-;D1;H0:3])=[O;D1;H0:1]).([#15:57]-[O-;H0;D1:58]).([O;-;D1;H0:85]-[P;H0;D4;+0:84](-[O;-;D1;H0:86])(=[O;D1;H0:83])-[OH;D1;+0:87])>>([C;D1;H3:55]-[CH2;D2;+0:4]-[C:5]=[O;D1;H0:6]).([#15:57]-[O;H0;D2;+0:58]-[P;H0;D4;+0:84](-[O;-;D1;H0:85])(-[O;-;D1;H0:86])=[O;D1;H0:83]).([O;-;D1;H0:3]-[C;H0;D3;+0:2](=[O;D1;H0:1])-[OH;D1;+0:87])	1	23722
([C:10]-[c;H0;D3;+0:9]1:[nH;D2;+0:8]:[cH;D2;+0:7]:[c;H0;D3;+0:6](-[C:12]):[c;H0;D3;+0:5]:1-[C:4]-[C:2](-[O;-;D1;H0:3])=[O;D1;H0:1]).([OH2;D0;+0:17]).([OH2;D0;+0:18])>>([C:12]-[C;H0;D3;+0:6](=[O;H0;D1;+0:17])-[CH2;D2;+0:7]-[NH3+;D1:8]).([C:10]-[C;H0;D3;+0:9](=[O;H0;D1;+0:18])-[CH2;D2;+0:5]-[C:4]-[C:2](-[O;-;D1;H0:3])=[O;D1;H0:1])	1	24066
([C:8]-[C;H0;D3;+0:6](=[O;H0;D1;+0:7])-[CH2;D2;+0:5]-[C:4]-[C:2](-[O;-;D1;H0:3])=[O;D1;H0:1]).([C:14]-[C;H0;D3;+0:15](=[O;H0;D1;+0:16])-[CH2;D2;+0:17]-[NH3+;D1:18])>>([C:14]-[c;H0;D3;+0:15]1:[cH;D2;+0:17]:[nH;D2;+0:18]:[c;H0;D3;+0:6](-[C:8]):[c;H0;D3;+0:5]:1-[C:4]-[C:2](-[O;-;D1;H0:3])=[O;D1;H0:1]).([OH2;D0;+0:7]).([OH2;D0;+0:16]).([#1;H0;D0;+1])	1	24065
([C:4]-[S;H0;D2;+0:3]-[C;H0;D3;+0:2](-[C;D1;H3:51])=[O;D1;H0:1]).([C:63]-[NH3+;D1:64])>>([C:4]-[SH;D1;+0:3]).([C:63]-[NH;D2;+0:64]-[C;H0;D3;+0:2](-[C;D1;H3:51])=[O;D1;H0:1]).([#1;H0;D0;+1])	1	25218
([C:5]-[SH;D1;+0:6]).([C:52]-[NH;D2;+0:51]-[C;H0;D3;+0:50](-[C;D1;H3:64])=[O;D1;H0:49])>>([C:5]-[S;H0;D2;+0:6]-[C;H0;D3;+0:50](-[C;D1;H3:64])=[O;D1;H0:49]).([C:52]-[NH3+;D1:51])	1	25219
([C:19]-[SH;D1;+0:20]).([C:24]-[C;H0;D3;+0:22](-[O-;H0;D1:23])=[O;D1;H0:21])>>([C:19]-[S;H0;D2;+0:20]-[C;H0;D3;+0:22](-[C:24])=[O;D1;H0:21]).([OH2;D0;+0:23])	1	25247
([C:19]-[S;H0;D2;+0:20]-[C;H0;D3;+0:21](=[O;D1;H0:22])-[C@@H;D3;+0:23](-[C;D1;H3:25])-[O;D1;H1:24]).([OH2;D0;+0:26])>>([C:19]-[SH;D1;+0:20]).([C;D1;H3:25]-[C@@H;D3;+0:23](-[O;D1;H1:24])-[C;H0;D3;+0:21](-[O-;H0;D1:26])=[O;D1;H0:22]).([#1;H0;D0;+1])	1	25246
([C;D1;H3:6]-[C;H0;D3;+0:4](=[O;D1;H0:5])-[C;H0;D3;+0:2](-[O-;H0;D1:3])=[O;D1;H0:1]).([C;D1;H3:12]-[C;H0;D3;+0:10](=[O;H0;D1;+0:11])-[C:8](-[O;-;D1;H0:9])=[O;D1;H0:7])>>([C;D1;H3:12]-[C@@;H0;D4;+0:10](-[OH;D1;+0:11])(-[C:8](-[O;-;D1;H0:9])=[O;D1;H0:7])-[C;H0;D3;+0:4](-[C;D1;H3:6])=[O;D1;H0:5]).([O;D1;H0:1]=[C;H0;D2;+0:2]=[O;H0;D1;+0:3])	1	25250
([C;D1;H3:8]-[C;H0;D3;+0:6](=[O;D1;H0:7])-[C@;H0;D4;+0:4](-[C;D1;H3:9])(-[OH;D1;+0:5])-[C:2](-[O;-;D1;H0:3])=[O;D1;H0:1]).([O;D1;H0:12]=[C;H0;D2;+0:11]=[O;H0;D1;+0:10])>>([C;D1;H3:8]-[C;H0;D3;+0:6](=[O;D1;H0:7])-[C;H0;D3;+0:11](-[O-;H0;D1:10])=[O;D1;H0:12]).([C;D1;H3:9]-[C;H0;D3;+0:4](=[O;H0;D1;+0:5])-[C:2](-[O;-;D1;H0:3])=[O;D1;H0:1]).([#1;H0;D0;+1])	1	25251
([#7;a:5]:[c:6]1:[c:7]:[#7;a:8]:[c:9]:[n;H0;D3;+0:10]:1-[C@@H;D3;+0:11]1-[#8:12]-[C@H;D3;+0:13](-[C:14])-[C@@H;D3;+0:20](-[O;D1;H1:21])-[C@H;D3;+0:22]-1-[O;D1;H1:23]).([#15:30]-[OH;D1;+0:33])>>([#15:30]-[O;H0;D2;+0:33]-[C@H;D3;+0:11]1-[#8:12]-[C@H;D3;+0:13](-[C:14])-[C@@H;D3;+0:20](-[O;D1;H1:21])-[C@H;D3;+0:22]-1-[O;D1;H1:23]).([#7;a:5]:[c:6]1:[c:7]:[#7;a:8]:[c:9]:[nH;D2;+0:10]:1)	1	25425
([#15:11]-[O;H0;D2;+0:10]-[C@H;D3;+0:9]1-[#8:8]-[C@H;D3;+0:7](-[C:6])-[C:21]-[C@H;D3;+0:19]-1-[O;D1;H1:20]).([#7;a:27]:[c:28]1:[c:32]:[#7;a:31]:[c:30]:[nH;D2;+0:29]:1)>>([#7;a:27]:[c:28]1:[c:32]:[#7;a:31]:[c:30]:[n;H0;D3;+0:29]:1-[C@@H;D3;+0:9]1-[#8:8]-[C@H;D3;+0:7](-[C:6])-[C:21]-[C@H;D3;+0:19]-1-[O;D1;H1:20]).([#15:11]-[OH;D1;+0:10])	1	25426
([#8:11]-[C:10]-[N;H0;D3;+0:6]1-[CH;D2;+0:5]=[C;H0;D3;+0:4](-[C:2](-[N;D1;H2:3])=[O;D1;H0:1])-[CH2;D2;+0:9]-[CH;D2;+0:8]=[CH;D2;+0:7]-1).([#15:54]-[O;H0;D2;+0:57]-[CH2;D2;+0:58]/[C:59]=[C:60](/[C:62])-[C;D1;H3:61]).([#15:78]-[O;H0;D2;+0:81]-[CH2;D2;+0:82]/[C:83]=[C:84](/[C:86])-[C;D1;H3:85])>>([#8:11]-[C:10]-[n+;H0;D3:6]1:[cH;D2;+0:5]:[c;H0;D3;+0:4](-[C:2](-[N;D1;H2:3])=[O;D1;H0:1]):[cH;D2;+0:9]:[cH;D2;+0:8]:[cH;D2;+0:7]:1).([C:62]/[C:60](-[C;D1;H3:61])=[C:59]/[CH2;D2;+0:58]-[CH2;D2;+0:82]/[C:83]=[C:84](/[C:86])-[C;D1;H3:85]).([#15:54]-[OH;D1;+0:57]).([#15:78]-[OH;D1;+0:81])	1	32296
([#8:11]-[C:10]-[n+;H0;D3:8]1:[cH;D2;+0:7]:[cH;D2;+0:6]:[cH;D2;+0:5]:[c;H0;D3;+0:4](-[C:2](-[N;D1;H2:3])=[O;D1;H0:1]):[cH;D2;+0:9]:1).([C:58]/[C:59](-[C;D1;H3:77])=[C:60]/[CH2;D2;+0:61]-[CH2;D2;+0:62]/[C:63]=[C:64](/[C:66])-[C;D1;H3:65]).([#15:84]-[OH;D1;+0:87]).([#15:93]-[OH;D1;+0:96])>>([#8:11]-[C:10]-[N;H0;D3;+0:8]1-[CH;D2;+0:7]=[CH;D2;+0:6]-[CH2;D2;+0:5]-[C;H0;D3;+0:4](-[C:2](-[N;D1;H2:3])=[O;D1;H0:1])=[CH;D2;+0:9]-1).([#15:84]-[O;H0;D2;+0:87]-[CH2;D2;+0:61]/[C:60]=[C:59](/[C:58])-[C;D1;H3:77]).([#15:93]-[O;H0;D2;+0:96]-[CH2;D2;+0:62]/[C:63]=[C:64](/[C:66])-[C;D1;H3:65]).([#1;H0;D0;+1])	1	32297
([C;D1;H3:6]-[C;H0;D3;+0:4](=[O;D1;H0:5])-[C;H0;D3;+0:2](-[O-;H0;D1:3])=[O;D1;H0:1])>>([C;D1;H3:6]-[CH;D2;+0:4]=[O;D1;H0:5]).([O;D1;H0:1]=[C;H0;D2;+0:2]=[O;H0;D1;+0:3])	1	45485
([C;D1;H3:1]-[CH;D2;+0:2]=[O;D1;H0:3]).([O;D1;H0:6]=[C;H0;D2;+0:5]=[O;H0;D1;+0:4])>>([C;D1;H3:1]-[C;H0;D3;+0:2](=[O;D1;H0:3])-[C;H0;D3;+0:5](-[O-;H0;D1:4])=[O;D1;H0:6]).([#1;H0;D0;+1])	1	45486
